rmp1,rmp2,rmp3,rmp4,rmp5,rmp6,rmp7,rmp8,rmp9,rmp10,rmp11,rmp12,rmp13,rmp14,rmp15,rmp16,rmp17,rmp18,rmp19,rmp20,rmp21,rmp22,rmp23,rmp24,rmp25,rmp26,rmp27,rmp28,rmp29,rmp30,rmp31,rmp32,rmp33,rmp34,rmp35,rmp36,rmp37,rmp38,rmp39,rmp40
0.000245103,0.000245041,0.000245868,0.000246035,0.000246101,0.000246091,0.000245883,0.000245746,0.000246586,0.000245941,0.000246536,0.00024649,0.000246365,0.000246531,0.000246033,0.000246334,0.000246417,0.000246079,0.000246567,0.000246145,0.000246511,0.000246528,0.000247071,0.000247162,0.000246833,0.00024718,0.000247596,0.000247691,0.000247259,0.00024716,0.000247368,0.000248032,0.000247948,0.000247639,0.000248164,0.00024837,0.000248144,0.000247776,0.0002476,0.000248406
0.00024481,0.000244907,0.000245585,0.000245732,0.000246013,0.000245809,0.00024577,0.000245566,0.000246417,0.000245699,0.000246512,0.00024622,0.000246209,0.000246356,0.000245738,0.000246076,0.00024618,0.000245832,0.000246335,0.000245905,0.000246385,0.000246249,0.000246775,0.000246937,0.000246581,0.000247056,0.000247394,0.000247303,0.000247039,0.000246924,0.00024713,0.0002478,0.000247738,0.000247388,0.000247968,0.000248169,0.000247823,0.000247559,0.000247437,0.000248198
0.000244495,0.000244521,0.000245199,0.000245477,0.000245738,0.000245553,0.000245448,0.000245218,0.000246153,0.000245403,0.00024621,0.00024597,0.000245783,0.00024607,0.000245453,0.000245756,0.000245866,0.00024555,0.000246026,0.00024557,0.000246119,0.000245994,0.000246457,0.000246713,0.000246359,0.000246724,0.000247147,0.000246994,0.000246783,0.000246641,0.000246857,0.00024756,0.000247208,0.000247061,0.000247716,0.000247799,0.000247582,0.000247259,0.000247056,0.000247877
0.000244127,0.000244331,0.000244991,0.000245261,0.000245311,0.000245249,0.000245014,0.000244778,0.00024585,0.000245064,0.000245773,0.000245596,0.000245474,0.00024575,0.00024508,0.00024536,0.000245503,0.000245277,0.000245742,0.00024531,0.000245716,0.000245674,0.000246233,0.000246387,0.000246068,0.000246295,0.000246716,0.000246605,0.000246447,0.000246312,0.000246386,0.000247247,0.000247023,0.000246816,0.000247299,0.000247495,0.000247249,0.000246895,0.00024673,0.000247574
0.000243785,0.000243835,0.000244671,0.000244857,0.000245004,0.000244895,0.000244686,0.000244405,0.000245395,0.000244798,0.000245536,0.000245211,0.000245098,0.00024532,0.000244764,0.000245009,0.000245206,0.000244916,0.000245356,0.000244912,0.000245429,0.00024529,0.000245834,0.000246056,0.000245745,0.000245972,0.000246433,0.000246255,0.000246055,0.000245899,0.000246049,0.000246861,0.000246687,0.000246449,0.000246892,0.000247147,0.000246884,0.00024657,0.000246423,0.000247093
0.000243348,0.000243432,0.000244321,0.000244415,0.000244568,0.000244458,0.000244375,0.000243974,0.000245025,0.000244335,0.00024503,0.000244827,0.000244775,0.000244937,0.000244439,0.000244679,0.000244771,0.000244612,0.000244948,0.000244496,0.00024506,0.00024487,0.000245526,0.000245687,0.000245299,0.000245609,0.000246069,0.000245822,0.000245725,0.00024554,0.000245616,0.000246444,0.000246407,0.000246136,0.00024652,0.00024666,0.000246506,0.000246217,0.000246086,0.000246811
0.000243009,0.000242947,0.000243892,0.000244006,0.000244075,0.000244045,0.00024391,0.000243605,0.000244695,0.00024387,0.000244611,0.000244322,0.0002444,0.00024455,0.000243954,0.000244233,0.000244497,0.000244154,0.000244476,0.000244055,0.000244595,0.000244385,0.000245003,0.000245279,0.000244879,0.000245202,0.000245592,0.000245432,0.000245191,0.000245217,0.000245301,0.000245954,0.000245799,0.000245737,0.000246004,0.000246215,0.000246096,0.000245805,0.000245655,0.000246406
0.000242404,0.000242563,0.000243378,0.000243613,0.000243709,0.000243652,0.000243481,0.000243142,0.000244274,0.000243403,0.000244106,0.000243951,0.000243948,0.000244063,0.000243502,0.000243818,0.000244044,0.000243708,0.000244021,0.000243679,0.000244169,0.000244036,0.000244545,0.000244837,0.000244507,0.000244706,0.000245125,0.000245044,0.000244814,0.000244743,0.000244788,0.000245543,0.000245288,0.000245294,0.000245613,0.000245815,0.000245718,0.000245296,0.000245208,0.000245987
0.000242036,0.000242139,0.000242943,0.000242989,0.000243198,0.000243104,0.000242988,0.000242658,0.000243698,0.000242891,0.000243649,0.000243406,0.000243467,0.000243595,0.00024307,0.000243326,0.000243535,0.000243167,0.000243546,0.00024322,0.0002437,0.000243589,0.000244096,0.00024432,0.000244086,0.000244281,0.000244691,0.000244638,0.000244435,0.000244267,0.000244355,0.000245094,0.00024488,0.000244805,0.000245194,0.000245253,0.000245207,0.000244941,0.000244716,0.000245559
0.000241478,0.000241561,0.000242408,0.000242553,0.000242712,0.00024277,0.000242523,0.000242226,0.000243269,0.00024252,0.000243156,0.000242846,0.000243001,0.00024314,0.000242643,0.000242957,0.00024304,0.00024271,0.000242994,0.000242733,0.000243234,0.000243089,0.00024347,0.000243864,0.000243613,0.000243856,0.000244218,0.000244175,0.000243906,0.000243747,0.000243704,0.000244609,0.000244365,0.000244378,0.000244739,0.000244797,0.000244705,0.000244429,0.000244171,0.00024504
0.000241013,0.000241041,0.000241883,0.000242108,0.000242111,0.000242314,0.000241979,0.000241736,0.000242706,0.000242057,0.000242609,0.00024239,0.000242576,0.000242618,0.000242104,0.000242418,0.000242506,0.000242223,0.000242523,0.00024225,0.000242759,0.000242682,0.000243126,0.000243267,0.000243115,0.000243435,0.000243674,0.000243657,0.00024332,0.000243263,0.000243238,0.000244057,0.000243793,0.000243882,0.000244178,0.000244303,0.000244156,0.000244008,0.000243712,0.000244542
0.000240468,0.000240703,0.000241385,0.000241538,0.0002416,0.000241797,0.000241397,0.00024118,0.000242189,0.000241632,0.00024217,0.000241883,0.00024203,0.000242106,0.00024156,0.000241905,0.000242092,0.00024171,0.000242011,0.000241768,0.000242272,0.000242151,0.000242628,0.000242737,0.000242628,0.000242895,0.000243186,0.0002432,0.000242933,0.000242736,0.000242728,0.000243539,0.000243345,0.000243346,0.000243663,0.000243856,0.000243675,0.000243469,0.000243341,0.00024407
0.000239919,0.000240113,0.000240939,0.000240974,0.000241141,0.00024119,0.000240804,0.000240552,0.00024156,0.000241081,0.000241715,0.000241353,0.000241549,0.000241611,0.000241086,0.000241368,0.000241529,0.000241215,0.000241519,0.000241195,0.000241704,0.000241714,0.000242125,0.000242263,0.000242072,0.000242276,0.000242569,0.000242661,0.000242385,0.000242253,0.000242208,0.000243136,0.000242815,0.000242789,0.000243116,0.00024331,0.000243195,0.000242959,0.000242702,0.000243388
0.000239325,0.000239573,0.000240265,0.000240586,0.00024041,0.000240644,0.000240346,0.000240131,0.000241162,0.000240546,0.000241165,0.000240868,0.000241054,0.000241054,0.000240585,0.000240803,0.00024102,0.000240726,0.000241027,0.000240701,0.000241181,0.000241085,0.000241576,0.000241762,0.000241538,0.000241765,0.000242008,0.000242164,0.000241881,0.000241667,0.000241709,0.000242529,0.000242398,0.000242352,0.000242639,0.000242703,0.000242671,0.000242397,0.000242221,0.000242952
0.000238695,0.000238842,0.000239829,0.000239999,0.000239916,0.000240105,0.000239723,0.000239566,0.000240545,0.000239993,0.000240671,0.000240268,0.000240496,0.00024049,0.000240091,0.000240337,0.000240579,0.000240144,0.000240509,0.000240108,0.000240646,0.000240527,0.000241124,0.00024125,0.000241028,0.000241188,0.0002415,0.000241564,0.000241376,0.000241131,0.000241139,0.000241991,0.000241903,0.000241811,0.000242161,0.000242145,0.000242098,0.00024182,0.000241675,0.000242337
0.000238082,0.000238386,0.000239249,0.00023942,0.000239429,0.000239576,0.000239232,0.000239022,0.000239911,0.000239438,0.00024,0.000239755,0.000239965,0.000239996,0.000239491,0.000239725,0.000239964,0.000239576,0.000239943,0.000239595,0.000240102,0.000239972,0.000240564,0.000240682,0.000240468,0.000240628,0.000240987,0.000241031,0.000240848,0.000240547,0.000240476,0.000241464,0.000241356,0.000241331,0.000241509,0.000241576,0.000241548,0.000241267,0.000241131,0.000241828
0.000237518,0.000237936,0.000238625,0.000238845,0.000238907,0.000239033,0.000238665,0.000238369,0.0002394,0.000238854,0.000239508,0.000239197,0.000239358,0.000239456,0.000238874,0.000239156,0.000239537,0.000239062,0.000239389,0.000239121,0.000239546,0.000239317,0.000239932,0.000240122,0.000239937,0.000240116,0.000240429,0.000240465,0.000240314,0.000240054,0.000240029,0.000240905,0.000240838,0.000240638,0.000240934,0.000241062,0.00024099,0.000240757,0.000240524,0.000241296
0.000236987,0.000237273,0.000237956,0.000238091,0.000238253,0.000238382,0.000238135,0.000237848,0.000238738,0.00023827,0.00023887,0.000238656,0.00023877,0.000238845,0.000238361,0.000238705,0.000238918,0.000238397,0.000238875,0.000238553,0.000238989,0.000238807,0.00023924,0.000239525,0.000239372,0.000239551,0.000239831,0.000239942,0.000239761,0.000239487,0.000239421,0.000240354,0.000240307,0.000240146,0.000240386,0.000240391,0.000240447,0.000240231,0.000240075,0.000240695
0.000236497,0.000236695,0.000237479,0.000237598,0.000237816,0.000237889,0.000237392,0.000237246,0.000238137,0.000237718,0.000238276,0.000237948,0.000238252,0.000238352,0.000237788,0.000238088,0.000238243,0.000237789,0.00023831,0.000237968,0.000238398,0.000238235,0.000238796,0.000238946,0.000238789,0.000238984,0.000239206,0.00023938,0.000239215,0.00023889,0.000238813,0.000239823,0.000239689,0.000239518,0.000239773,0.000239903,0.000239877,0.000239583,0.000239424,0.000240178
0.000235843,0.000236035,0.000236697,0.000237082,0.000237169,0.000237333,0.000236939,0.000236727,0.000237597,0.00023712,0.000237751,0.000237391,0.000237664,0.000237695,0.000237237,0.00023749,0.000237708,0.000237232,0.000237608,0.000237418,0.000237849,0.000237635,0.000238191,0.000238372,0.000238203,0.000238398,0.000238628,0.000238837,0.00023873,0.000238269,0.000238309,0.000239254,0.000239031,0.00023894,0.000239121,0.000239389,0.000239287,0.000239103,0.000238892,0.000239591
0.000235041,0.000235516,0.000236172,0.000236431,0.000236557,0.000236686,0.000236363,0.000236058,0.000236893,0.000236493,0.000237095,0.000236828,0.000237073,0.000237154,0.000236614,0.000236745,0.000237172,0.000236671,0.000237017,0.000236734,0.000237343,0.000237069,0.000237552,0.000237689,0.000237628,0.000237849,0.000238046,0.00023829,0.000238067,0.000237657,0.000237751,0.000238667,0.000238453,0.000238332,0.000238635,0.000238686,0.000238654,0.000238425,0.000238274,0.000238928
0.000234461,0.000234851,0.0002355,0.000235754,0.000235919,0.000236073,0.000235687,0.000235481,0.000236335,0.00023601,0.000236543,0.000236268,0.000236463,0.000236504,0.000236125,0.000236184,0.00023652,0.000236165,0.000236409,0.000236152,0.000236613,0.000236489,0.000236944,0.000237163,0.00023704,0.000237165,0.000237389,0.000237662,0.00023753,0.000237142,0.000237129,0.000237981,0.000237881,0.000237816,0.000237991,0.000238132,0.000238063,0.000237893,0.000237707,0.000238357
0.000233955,0.000234326,0.000234908,0.000235083,0.000235387,0.000235558,0.000235127,0.00023495,0.000235735,0.000235402,0.000235981,0.000235645,0.000235954,0.00023588,0.000235495,0.000235677,0.000235923,0.000235531,0.000235797,0.000235616,0.000236086,0.000235949,0.000236304,0.00023658,0.000236451,0.000236631,0.000236851,0.000237082,0.000236983,0.000236548,0.000236491,0.000237349,0.000237202,0.000237164,0.000237485,0.000237543,0.000237582,0.000237359,0.000237067,0.000237766
0.000233281,0.000233652,0.000234188,0.000234514,0.000234734,0.000234913,0.00023457,0.000234309,0.000235046,0.000234815,0.000235378,0.000234993,0.00023533,0.00023534,0.000234826,0.000235058,0.000235339,0.000235007,0.000235203,0.000235045,0.000235475,0.000235299,0.000235671,0.000235977,0.000235822,0.000236032,0.000236152,0.000236497,0.000236352,0.000235881,0.00023596,0.000236748,0.00023665,0.000236524,0.000236884,0.000236951,0.000236945,0.000236706,0.00023647,0.000237146
0.000232559,0.000233084,0.000233605,0.000233743,0.000234063,0.000234294,0.000233904,0.000233739,0.000234472,0.000234169,0.000234678,0.000234409,0.000234759,0.000234689,0.000234308,0.000234431,0.000234767,0.000234363,0.000234581,0.000234386,0.000234836,0.000234774,0.000235089,0.000235402,0.000235182,0.000235378,0.000235513,0.000235858,0.000235769,0.000235361,0.000235279,0.000236207,0.00023613,0.000235972,0.000236304,0.000236347,0.00023628,0.000236144,0.000235945,0.000236532
0.000231681,0.000232501,0.000232997,0.000233146,0.000233391,0.000233571,0.000233309,0.000233103,0.000233926,0.000233568,0.000234086,0.000233796,0.000234229,0.000234132,0.000233695,0.000233793,0.00023417,0.000233681,0.000233972,0.000233806,0.000234218,0.000234058,0.000234542,0.000234852,0.000234607,0.000234793,0.000234964,0.00023524,0.000235177,0.000234696,0.000234648,0.000235562,0.000235503,0.000235336,0.000235588,0.000235706,0.000235677,0.000235608,0.000235316,0.000236013
0.000230964,0.000231847,0.000232356,0.000232629,0.000232778,0.000233009,0.000232668,0.000232486,0.000233255,0.000233024,0.000233519,0.000233226,0.00023357,0.000233513,0.000233019,0.000233221,0.000233596,0.000233131,0.000233347,0.000233191,0.000233613,0.000233437,0.000233944,0.000234257,0.000233983,0.000234211,0.000234275,0.000234651,0.000234588,0.000234009,0.000234143,0.000234888,0.000234904,0.000234748,0.000235028,0.000235125,0.000235062,0.000234913,0.000234617,0.000235405
0.000230388,0.000231155,0.000231745,0.000232002,0.000232306,0.000232324,0.000232069,0.000231816,0.000232671,0.000232475,0.000232858,0.000232541,0.000232919,0.000232876,0.00023234,0.000232554,0.00023303,0.000232523,0.00023281,0.000232459,0.000233041,0.000232814,0.000233304,0.000233658,0.000233435,0.000233637,0.000233841,0.000234136,0.000233926,0.000233481,0.000233534,0.000234308,0.000234338,0.00023417,0.000234441,0.000234503,0.000234461,0.000234327,0.000234043,0.00023479
0.000229601,0.000230629,0.000231128,0.000231425,0.000231631,0.000231744,0.000231463,0.000231076,0.000232056,0.000231829,0.000232261,0.000231952,0.000232383,0.000232229,0.000231721,0.000231946,0.000232342,0.000231947,0.000232197,0.000231918,0.000232489,0.000232228,0.000232708,0.00023298,0.000232837,0.000233061,0.000233103,0.000233508,0.000233368,0.000232817,0.000232877,0.000233727,0.000233746,0.000233542,0.000233826,0.000233853,0.00023392,0.000233697,0.000233425,0.000234117
0.000228897,0.000230025,0.000230435,0.000230792,0.000230892,0.00023118,0.000230862,0.000230538,0.000231575,0.000231223,0.000231544,0.000231318,0.000231721,0.000231628,0.000231161,0.00023136,0.000231799,0.000231265,0.000231514,0.000231253,0.000231969,0.000231731,0.000232077,0.000232372,0.000232195,0.00023243,0.000232476,0.000232878,0.000232765,0.000232206,0.000232281,0.000233128,0.000233138,0.000232942,0.00023327,0.000233277,0.000233212,0.000233034,0.000232824,0.000233508
0.000228234,0.00022936,0.000229805,0.000230116,0.000230243,0.000230453,0.000230207,0.0002299,0.000230912,0.00023057,0.000230887,0.000230663,0.00023109,0.000230929,0.000230461,0.000230667,0.000231207,0.000230606,0.000230965,0.000230716,0.000231299,0.000230969,0.00023143,0.000231866,0.000231607,0.000231784,0.000231842,0.000232272,0.000232178,0.000231625,0.000231652,0.000232503,0.000232488,0.000232328,0.000232607,0.000232627,0.000232623,0.000232468,0.000232269,0.000232905
0.000227708,0.00022873,0.000229183,0.00022947,0.000229658,0.000229918,0.000229545,0.00022928,0.0002302,0.000229913,0.000230236,0.00023005,0.000230485,0.000230361,0.000229936,0.000229952,0.000230562,0.000230051,0.000230368,0.00023011,0.00023069,0.000230332,0.000230873,0.000231275,0.000231045,0.000231206,0.000231231,0.000231682,0.000231539,0.000230934,0.000231064,0.000231946,0.000231945,0.000231743,0.000231991,0.000232079,0.000232009,0.000231874,0.000231585,0.000232248
0.000226957,0.000228076,0.000228546,0.000228823,0.000229105,0.000229348,0.000228918,0.000228704,0.000229584,0.000229285,0.000229623,0.000229413,0.000229879,0.000229763,0.000229283,0.000229434,0.000229906,0.000229377,0.000229759,0.000229545,0.000229943,0.000229808,0.000230236,0.000230622,0.000230438,0.000230585,0.000230671,0.000231035,0.000230896,0.000230316,0.000230349,0.000231299,0.000231319,0.000231169,0.000231428,0.000231423,0.000231394,0.00023139,0.000230948,0.000231704
0.000226187,0.000227475,0.000227881,0.000228116,0.000228494,0.000228666,0.000228339,0.000228042,0.000228933,0.000228705,0.000229015,0.000228745,0.000229245,0.000229246,0.000228549,0.000228837,0.000229285,0.000228855,0.000229118,0.000228917,0.000229528,0.00022911,0.000229601,0.000229966,0.000229827,0.000229915,0.000230017,0.000230437,0.000230236,0.000229748,0.000229846,0.000230743,0.000230668,0.000230566,0.000230793,0.000230879,0.000230746,0.000230671,0.000230345,0.000231061
0.000225575,0.000226864,0.000227195,0.000227527,0.000227935,0.00022801,0.000227665,0.000227417,0.00022829,0.000228248,0.000228371,0.000228105,0.000228595,0.000228556,0.000227907,0.000228175,0.00022866,0.000228167,0.000228518,0.000228239,0.000228814,0.000228514,0.000228938,0.000229365,0.000229232,0.000229344,0.000229485,0.000229761,0.000229569,0.000229186,0.00022916,0.000230032,0.000230092,0.000229905,0.000230134,0.000230249,0.000230189,0.000230159,0.0002297,0.000230416
0.000224914,0.000226164,0.000226675,0.000226862,0.000227195,0.000227408,0.000227058,0.000226772,0.000227691,0.000227514,0.000227769,0.00022744,0.000227955,0.000227959,0.000227354,0.000227629,0.000228043,0.000227611,0.000227895,0.000227624,0.000228225,0.00022792,0.000228332,0.000228704,0.000228636,0.000228689,0.000228783,0.00022909,0.000228967,0.000228525,0.000228531,0.000229426,0.000229506,0.000229242,0.000229528,0.000229637,0.000229543,0.000229497,0.000229149,0.000229786
0.000224293,0.00022557,0.000225975,0.000226142,0.000226621,0.000226665,0.000226431,0.000226163,0.000227012,0.000226822,0.00022714,0.00022695,0.000227321,0.000227303,0.000226725,0.000226976,0.000227418,0.000226987,0.000227303,0.000227027,0.000227586,0.00022738,0.000227704,0.000228106,0.000228014,0.000228023,0.000228251,0.000228499,0.000228425,0.000227919,0.00022782,0.000228886,0.000228917,0.000228664,0.000228929,0.000228944,0.000228982,0.000228909,0.000228532,0.000229184
0.000223692,0.000224916,0.000225212,0.00022552,0.000225965,0.0002262,0.000225883,0.000225512,0.000226433,0.000226225,0.000226465,0.000226303,0.000226647,0.000226739,0.000226118,0.000226348,0.00022684,0.000226389,0.000226709,0.000226359,0.000226941,0.000226683,0.000227076,0.000227537,0.000227381,0.000227409,0.00022762,0.000227843,0.000227794,0.000227266,0.000227265,0.000228209,0.000228232,0.000228089,0.000228333,0.000228303,0.00022832,0.000228265,0.000227995,0.000228594
0.000222927,0.000224191,0.000224638,0.000224944,0.00022538,0.000225603,0.000225231,0.000225,0.000225809,0.000225668,0.000225834,0.00022565,0.0002261,0.000226157,0.000225457,0.000225795,0.000226294,0.00022575,0.000226017,0.000225744,0.000226342,0.0002261,0.000226477,0.00022694,0.000226767,0.0002268,0.000226957,0.000227237,0.000227227,0.000226694,0.000226668,0.000227522,0.000227547,0.000227446,0.000227703,0.000227735,0.000227689,0.000227646,0.000227353,0.000227912
0.000222287,0.000223638,0.000224013,0.000224307,0.000224769,0.00022488,0.000224606,0.000224322,0.000225143,0.000225014,0.000225178,0.000224961,0.000225475,0.000225481,0.000224875,0.000225177,0.000225643,0.000225265,0.000225427,0.00022523,0.00022572,0.000225508,0.000225833,0.000226383,0.000226148,0.000226279,0.000226323,0.000226627,0.000226599,0.000226064,0.00022606,0.000226949,0.000227052,0.000226831,0.000227095,0.000227122,0.00022703,0.00022708,0.00022671,0.000227278
0.000221621,0.000223031,0.00022336,0.000223666,0.000224074,0.000224368,0.000223945,0.000223761,0.000224581,0.000224354,0.000224666,0.000224381,0.000224868,0.000224851,0.000224164,0.00022467,0.000225141,0.00022455,0.000224841,0.000224647,0.000225193,0.000224872,0.000225203,0.000225798,0.000225573,0.000225591,0.00022568,0.000226021,0.00022596,0.000225503,0.000225511,0.000226386,0.0002265,0.000226234,0.000226452,0.000226503,0.000226399,0.000226487,0.000226104,0.000226696
0.000221059,0.000222434,0.000222797,0.000222952,0.000223456,0.000223713,0.000223474,0.000223134,0.000223979,0.000223719,0.000223908,0.000223774,0.000224303,0.000224264,0.000223598,0.000223993,0.000224503,0.000223908,0.000224269,0.000224019,0.000224528,0.000224252,0.000224543,0.000225175,0.000224918,0.000224991,0.000225085,0.000225418,0.000225334,0.000224861,0.000224793,0.000225754,0.000225831,0.000225664,0.000225851,0.000225887,0.000225848,0.000225863,0.000225517,0.000226076
0.000220353,0.00022176,0.000222211,0.000222374,0.000222886,0.000223036,0.00022277,0.00022249,0.000223338,0.00022315,0.000223335,0.000223138,0.000223666,0.000223613,0.000222997,0.000223343,0.000223857,0.000223399,0.000223569,0.000223378,0.000223836,0.000223609,0.000224007,0.000224498,0.00022438,0.000224342,0.000224436,0.000224818,0.000224745,0.0002242,0.000224227,0.000225102,0.000225225,0.00022502,0.000225242,0.000225248,0.00022524,0.000225245,0.000224968,0.000225439
0.000219728,0.000221066,0.000221514,0.000221708,0.000222236,0.000222411,0.000222153,0.000221879,0.000222647,0.000222527,0.000222788,0.000222474,0.000223061,0.000223002,0.000222408,0.000222679,0.000223243,0.000222716,0.000222994,0.00022282,0.000223213,0.000222966,0.000223304,0.000223873,0.000223759,0.0002238,0.000223804,0.000224212,0.000224159,0.000223636,0.000223607,0.000224458,0.000224576,0.000224445,0.000224685,0.000224625,0.00022462,0.000224696,0.000224245,0.000224831
0.000219071,0.000220527,0.000220855,0.000221058,0.000221661,0.000221784,0.000221577,0.000221214,0.000222044,0.000221858,0.000222236,0.000221852,0.000222455,0.000222366,0.000221678,0.000222117,0.000222516,0.000222139,0.000222331,0.000222238,0.000222633,0.000222388,0.0002227,0.000223232,0.000223152,0.00022316,0.000223286,0.000223642,0.000223532,0.000223008,0.00022302,0.000223933,0.000223976,0.000223855,0.000224046,0.000224044,0.000224056,0.000224049,0.000223693,0.000224225
0.00021843,0.00021992,0.000220211,0.000220406,0.000220936,0.00022124,0.000220972,0.000220601,0.000221367,0.000221309,0.00022161,0.000221245,0.000221899,0.000221691,0.000221142,0.000221475,0.000222094,0.000221555,0.000221755,0.000221611,0.000221977,0.000221778,0.000222083,0.000222568,0.000222572,0.000222526,0.000222607,0.000223061,0.000222919,0.000222446,0.000222453,0.00022334,0.000223411,0.000223223,0.000223434,0.000223451,0.000223403,0.000223452,0.000223071,0.000223587
0.000217852,0.000219155,0.000219635,0.000219736,0.00022041,0.000220684,0.000220369,0.000219946,0.000220768,0.000220736,0.000220958,0.000220614,0.000221331,0.000221121,0.000220526,0.000220906,0.000221385,0.000220912,0.000221129,0.000221001,0.0002214,0.000221174,0.000221506,0.000221982,0.000221979,0.000221875,0.000221952,0.00022239,0.000222288,0.000221783,0.000221812,0.000222664,0.000222802,0.000222645,0.000222864,0.000222831,0.000222779,0.000222864,0.000222436,0.000222983
0.000217067,0.000218571,0.000219038,0.000219178,0.000219793,0.000220003,0.000219786,0.000219342,0.000220193,0.000220185,0.00022022,0.000219916,0.000220729,0.000220548,0.00021996,0.000220328,0.000220783,0.000220317,0.00022051,0.000220404,0.000220757,0.000220537,0.000220841,0.000221539,0.00022135,0.000221203,0.000221452,0.000221781,0.000221689,0.000221194,0.000221304,0.00022205,0.000222243,0.000221913,0.000222195,0.000222182,0.000222132,0.000222206,0.000221882,0.000222291
0.000216326,0.000217949,0.00021841,0.000218511,0.000219154,0.000219512,0.000219131,0.000218718,0.000219603,0.000219512,0.000219627,0.000219403,0.000220127,0.000219935,0.000219235,0.00021964,0.000220215,0.000219744,0.000219914,0.000219812,0.000220203,0.000219966,0.000220283,0.000220792,0.000220792,0.000220673,0.000220659,0.000221155,0.000221079,0.000220572,0.000220596,0.000221446,0.000221592,0.00022135,0.000221575,0.00022152,0.000221527,0.000221663,0.000221329,0.000221724
0.000215771,0.00021732,0.000217785,0.000217903,0.000218526,0.000218767,0.000218494,0.000218035,0.000218985,0.000218877,0.000219048,0.000218752,0.00021956,0.000219348,0.0002187,0.00021906,0.000219655,0.000219109,0.00021938,0.000219095,0.000219584,0.000219373,0.000219679,0.000220232,0.000220132,0.000219971,0.000220039,0.000220525,0.000220509,0.000219915,0.00021997,0.000220953,0.000221086,0.000220784,0.000221007,0.000220974,0.000220995,0.000221068,0.000220682,0.000221165
0.00021514,0.000216737,0.000217167,0.000217214,0.000217886,0.000218148,0.000217949,0.000217386,0.000218339,0.00021834,0.000218368,0.000218201,0.000218956,0.00021875,0.000218103,0.000218444,0.000219032,0.000218605,0.000218774,0.000218504,0.000219002,0.000218748,0.000218988,0.000219602,0.000219579,0.000219424,0.000219412,0.000219972,0.000219901,0.000219351,0.000219303,0.000220245,0.000220368,0.000220182,0.000220359,0.000220341,0.000220416,0.000220409,0.000220126,0.00022045
0.00021451,0.000216011,0.000216563,0.00021663,0.000217314,0.0002176,0.000217323,0.000216886,0.000217681,0.000217749,0.000217775,0.00021751,0.00021833,0.000218133,0.000217525,0.000217816,0.000218477,0.000217899,0.000218101,0.000217876,0.00021847,0.000218207,0.00021846,0.000219011,0.000218983,0.000218824,0.000218807,0.000219407,0.00021935,0.000218782,0.0002187,0.000219686,0.000219927,0.000219592,0.000219779,0.000219742,0.00021979,0.000219835,0.000219453,0.000219929
0.000213889,0.000215465,0.00021595,0.000216053,0.000216758,0.000216931,0.000216698,0.000216283,0.000217096,0.00021709,0.000217175,0.000216864,0.000217708,0.00021756,0.000216937,0.000217302,0.000217826,0.000217272,0.000217472,0.000217329,0.000217852,0.000217585,0.00021782,0.000218372,0.00021843,0.000218196,0.000218185,0.000218818,0.000218836,0.000218153,0.00021811,0.000219075,0.000219215,0.000218978,0.00021911,0.000219104,0.000219216,0.000219269,0.000218939,0.000219295
0.000213381,0.000214911,0.000215287,0.000215389,0.000216001,0.000216389,0.000216103,0.000215539,0.000216436,0.000216488,0.000216486,0.000216248,0.000217073,0.000216953,0.000216323,0.000216678,0.000217256,0.000216711,0.000216875,0.00021671,0.000217263,0.000217035,0.000217281,0.000217777,0.000217746,0.000217604,0.00021753,0.000218266,0.00021827,0.00021755,0.000217512,0.000218528,0.000218694,0.000218368,0.000218581,0.000218559,0.00021855,0.000218623,0.000218318,0.000218745
0.00021278,0.000214243,0.00021463,0.000214747,0.000215392,0.000215761,0.000215445,0.000214952,0.000215862,0.00021588,0.000215926,0.000215661,0.000216442,0.000216327,0.000215708,0.000216138,0.000216703,0.000216122,0.000216279,0.00021608,0.000216684,0.000216425,0.000216715,0.000217174,0.000217165,0.000217048,0.000216976,0.000217616,0.00021769,0.000217002,0.000216976,0.00021787,0.00021812,0.000217734,0.000218,0.000217968,0.000217955,0.000218093,0.000217667,0.000218142
0.000212044,0.000213563,0.000213991,0.000214214,0.000214758,0.000215229,0.000214807,0.00021433,0.000215295,0.000215352,0.000215365,0.000215039,0.000215901,0.000215741,0.000215101,0.0002155,0.000216013,0.000215587,0.000215673,0.000215516,0.000215984,0.000215862,0.000216036,0.000216605,0.000216546,0.00021642,0.000216336,0.000217085,0.000217074,0.000216339,0.00021631,0.000217201,0.000217522,0.000217162,0.000217442,0.000217384,0.000217431,0.0002175,0.000217146,0.000217525
0.000211593,0.000213011,0.000213253,0.000213595,0.000214194,0.000214592,0.000214218,0.000213728,0.000214697,0.000214758,0.000214762,0.000214406,0.000215337,0.000215136,0.000214504,0.000214885,0.000215413,0.000214951,0.000215069,0.000214861,0.000215405,0.000215232,0.000215468,0.000216056,0.000215976,0.00021586,0.000215736,0.000216392,0.000216522,0.000215752,0.000215782,0.000216669,0.000216915,0.000216542,0.000216859,0.000216782,0.000216801,0.000216926,0.000216526,0.000216981
0.000210843,0.000212355,0.000212682,0.000213,0.000213663,0.000214053,0.000213556,0.000213103,0.000214038,0.000214067,0.000214113,0.000213759,0.000214674,0.000214495,0.000213875,0.000214292,0.000214843,0.000214364,0.000214623,0.000214275,0.000214789,0.000214709,0.000214878,0.000215407,0.000215441,0.000215274,0.000215112,0.000215777,0.000215892,0.000215194,0.000215111,0.000216063,0.000216258,0.000216019,0.000216188,0.0002162,0.000216231,0.000216269,0.000215969,0.000216423
0.000210285,0.000211797,0.000212129,0.000212281,0.000213045,0.000213346,0.000213036,0.000212563,0.000213461,0.000213379,0.000213526,0.000213211,0.000214093,0.000213917,0.00021333,0.000213663,0.000214279,0.000213694,0.000214056,0.000213714,0.000214259,0.000214105,0.000214254,0.000214785,0.000214838,0.000214687,0.000214477,0.000215155,0.000215348,0.000214607,0.000214546,0.000215528,0.000215628,0.000215409,0.000215643,0.000215509,0.000215634,0.000215658,0.00021539,0.00021577
0.000209729,0.000211226,0.000211471,0.000211643,0.00021247,0.00021276,0.000212458,0.000211916,0.00021282,0.000212807,0.000212995,0.000212686,0.000213493,0.000213342,0.00021269,0.000213001,0.000213637,0.000213099,0.000213403,0.000213077,0.000213662,0.000213495,0.000213698,0.000214251,0.000214315,0.000214052,0.000213908,0.000214598,0.000214776,0.000214003,0.00021402,0.000215005,0.000215125,0.000214889,0.000215086,0.000214919,0.000215124,0.000215094,0.000214801,0.000215236
0.000209189,0.00021062,0.000210888,0.000211085,0.00021186,0.000212133,0.00021189,0.000211307,0.00021227,0.00021215,0.000212334,0.000212066,0.000212902,0.000212873,0.000212105,0.000212414,0.000213025,0.000212512,0.000212758,0.000212492,0.000213048,0.000212899,0.000213095,0.000213696,0.00021366,0.00021348,0.000213321,0.000213928,0.000214207,0.00021342,0.000213339,0.000214352,0.000214492,0.000214249,0.000214509,0.000214339,0.00021449,0.000214531,0.000214221,0.000214628
0.000208493,0.000210006,0.000210236,0.000210418,0.000211326,0.000211631,0.000211284,0.000210702,0.000211648,0.000211523,0.000211732,0.000211477,0.000212282,0.000212325,0.00021159,0.000211912,0.000212452,0.000211875,0.000212138,0.000211881,0.000212516,0.000212315,0.000212465,0.000213047,0.000213138,0.000212885,0.000212728,0.000213366,0.000213627,0.000212812,0.000212835,0.000213694,0.000213825,0.000213688,0.000213866,0.000213767,0.000213838,0.000213942,0.000213718,0.000213974
0.000207959,0.00020931,0.000209668,0.000209776,0.000210604,0.000210984,0.0002107,0.000210098,0.000211075,0.000210964,0.00021111,0.000210846,0.000211635,0.00021169,0.000210987,0.000211384,0.000211925,0.000211357,0.000211594,0.000211311,0.000211858,0.000211749,0.000211885,0.000212507,0.000212578,0.000212329,0.000212188,0.000212826,0.000213026,0.00021221,0.000212215,0.000213085,0.000213327,0.000213075,0.000213341,0.000213176,0.000213261,0.000213426,0.000213132,0.000213458
0.000207344,0.000208768,0.000209019,0.000209332,0.000210091,0.000210361,0.000210115,0.000209499,0.000210437,0.000210406,0.00021053,0.000210321,0.000211042,0.000211071,0.000210395,0.000210744,0.000211272,0.000210744,0.000211093,0.000210762,0.000211247,0.00021116,0.000211205,0.000211937,0.000212023,0.000211718,0.00021163,0.000212258,0.000212451,0.000211665,0.000211582,0.000212516,0.000212779,0.000212519,0.000212726,0.000212634,0.000212749,0.000212798,0.000212517,0.000212928
0.000206772,0.000208175,0.000208465,0.000208743,0.000209435,0.000209804,0.000209584,0.000208907,0.000209854,0.000209785,0.000209983,0.000209759,0.00021045,0.000210431,0.000209826,0.000210176,0.000210771,0.000210192,0.000210454,0.000210117,0.000210721,0.000210603,0.000210734,0.000211367,0.000211428,0.000211166,0.000211056,0.000211705,0.000211858,0.000211132,0.000211,0.000211978,0.000212249,0.00021187,0.000212074,0.000212053,0.000212133,0.000212189,0.000211937,0.000212232
0.000206229,0.000207599,0.000207768,0.000208077,0.00020882,0.000209201,0.000208962,0.000208299,0.000209312,0.000209274,0.000209359,0.000209031,0.000209937,0.000209881,0.000209195,0.000209594,0.000210175,0.000209621,0.0002099,0.000209563,0.000210131,0.000210054,0.00021012,0.000210811,0.000210892,0.00021058,0.000210396,0.000211153,0.000211281,0.000210502,0.000210474,0.000211345,0.000211585,0.00021137,0.000211527,0.000211463,0.000211527,0.000211681,0.000211384,0.000211703
0.000205722,0.000207073,0.00020721,0.000207548,0.000208244,0.000208581,0.000208271,0.000207685,0.000208665,0.000208681,0.00020877,0.000208473,0.000209329,0.000209298,0.000208611,0.000208963,0.000209605,0.000208945,0.000209313,0.000208901,0.000209547,0.000209364,0.00020961,0.00021024,0.000210325,0.000210023,0.000209835,0.000210557,0.000210751,0.000209915,0.000209878,0.000210689,0.000210999,0.000210704,0.000210953,0.000210865,0.000211055,0.000211085,0.000210857,0.000211236
0.000205132,0.000206475,0.000206653,0.000206914,0.000207624,0.000208044,0.000207698,0.000207096,0.000208068,0.000208066,0.000208155,0.000207965,0.00020875,0.000208735,0.000208058,0.000208399,0.000209046,0.000208468,0.000208696,0.000208371,0.000208949,0.000208794,0.00020904,0.000209705,0.000209735,0.000209462,0.000209249,0.000210029,0.000210103,0.000209359,0.000209324,0.000210206,0.000210448,0.000210149,0.000210383,0.000210248,0.000210433,0.00021056,0.000210236,0.00021057
0.000204578,0.000205856,0.00020609,0.000206453,0.000207095,0.000207495,0.00020709,0.000206581,0.000207543,0.000207528,0.000207589,0.000207238,0.000208195,0.000208125,0.000207396,0.000207876,0.000208466,0.000207867,0.000208114,0.000207815,0.000208357,0.000208283,0.000208441,0.000209105,0.00020925,0.000208828,0.00020876,0.000209431,0.000209521,0.00020874,0.000208705,0.000209592,0.000209854,0.000209618,0.000209832,0.00020966,0.00020987,0.000210065,0.000209597,0.000210054
0.000203903,0.000205289,0.00020544,0.00020578,0.000206551,0.000206848,0.00020662,0.000206049,0.000206981,0.00020696,0.000206903,0.000206672,0.000207556,0.000207595,0.000206837,0.000207273,0.000207844,0.000207232,0.000207535,0.000207252,0.000207805,0.000207651,0.000207839,0.000208524,0.000208631,0.000208248,0.000208155,0.000208829,0.000208941,0.000208157,0.00020817,0.000209046,0.000209337,0.00020901,0.000209209,0.000209046,0.000209301,0.000209409,0.000209107,0.00020939
0.000203283,0.00020466,0.000204914,0.000205241,0.000205918,0.000206349,0.000205931,0.000205428,0.000206427,0.000206476,0.00020637,0.000206053,0.00020694,0.000207065,0.000206238,0.000206647,0.000207362,0.000206629,0.000206931,0.000206667,0.000207219,0.000206953,0.00020723,0.000207992,0.000208005,0.000207655,0.000207556,0.000208342,0.000208388,0.000207553,0.000207609,0.000208486,0.000208781,0.000208434,0.000208563,0.000208474,0.000208726,0.000208817,0.000208536,0.000208928
0.000202718,0.00020412,0.000204292,0.000204648,0.000205315,0.00020584,0.000205326,0.000204793,0.000205846,0.000205841,0.000205859,0.000205561,0.000206371,0.000206456,0.000205697,0.000206167,0.000206808,0.000206104,0.000206422,0.000206061,0.000206711,0.000206514,0.000206676,0.000207345,0.000207434,0.000207084,0.000206992,0.00020772,0.000207755,0.000207061,0.000207044,0.000207859,0.000208201,0.000207885,0.000208048,0.000207987,0.000208126,0.000208257,0.000207921,0.000208313
0.000202186,0.000203516,0.000203669,0.00020405,0.000204726,0.0002051,0.000204809,0.000204155,0.000205197,0.000205244,0.000205204,0.000205013,0.000205812,0.000205949,0.000205146,0.000205591,0.000206174,0.000205558,0.000205878,0.000205524,0.000206159,0.000205811,0.000206127,0.000206819,0.000206912,0.000206563,0.000206435,0.000207124,0.000207222,0.000206476,0.000206352,0.000207248,0.000207553,0.00020733,0.000207514,0.000207341,0.00020756,0.000207708,0.000207363,0.00020776
0.000201603,0.000202972,0.000203134,0.000203468,0.000204109,0.000204601,0.000204296,0.000203704,0.000204681,0.000204683,0.000204545,0.000204432,0.000205184,0.000205283,0.000204496,0.00020495,0.00020559,0.00020503,0.000205209,0.000204949,0.000205559,0.000205305,0.000205533,0.000206271,0.000206278,0.000205961,0.000205892,0.000206434,0.000206694,0.000205788,0.000205829,0.000206795,0.000207028,0.000206697,0.000206875,0.000206845,0.000206999,0.000207154,0.00020678,0.000207088
0.000200848,0.000202405,0.000202499,0.000202911,0.000203535,0.000203933,0.00020363,0.000203138,0.000204065,0.000204119,0.000204053,0.000203817,0.000204661,0.000204766,0.000203991,0.000204434,0.000205026,0.000204361,0.000204647,0.000204449,0.000204965,0.000204722,0.000204991,0.000205692,0.000205778,0.000205383,0.000205204,0.000205871,0.000206173,0.000205288,0.00020524,0.00020611,0.000206489,0.000206117,0.000206335,0.000206281,0.000206412,0.000206553,0.000206195,0.000206533
0.000200365,0.000201792,0.000201994,0.000202301,0.000202957,0.000203371,0.00020296,0.000202467,0.000203501,0.000203533,0.000203458,0.000203247,0.000204098,0.000204172,0.000203387,0.000203865,0.000204406,0.000203867,0.000204061,0.000203885,0.000204394,0.000204098,0.000204398,0.000205125,0.000205122,0.000204831,0.000204668,0.000205272,0.00020558,0.0002047,0.000204663,0.000205537,0.000205904,0.000205531,0.0002057,0.000205622,0.000205919,0.000206036,0.000205672,0.000205947
0.000199774,0.000201301,0.000201369,0.000201733,0.000202399,0.00020275,0.00020241,0.000201891,0.000202881,0.000202991,0.000202822,0.000202583,0.000203587,0.000203545,0.000202835,0.000203317,0.00020386,0.00020325,0.000203511,0.000203295,0.000203877,0.000203548,0.000203808,0.000204562,0.00020458,0.0002042,0.000204046,0.000204678,0.000204978,0.000204065,0.000204052,0.000204961,0.000205419,0.000205034,0.000205146,0.000204982,0.000205312,0.000205436,0.000205082,0.00020541
0.00019928,0.000200612,0.000200795,0.000201088,0.000201826,0.000202167,0.000201806,0.000201371,0.000202337,0.000202396,0.000202211,0.000202104,0.000203,0.000203015,0.000202228,0.00020269,0.000203294,0.000202707,0.000202936,0.000202721,0.00020326,0.000203024,0.000203308,0.000203991,0.000203972,0.000203556,0.000203513,0.000204119,0.000204402,0.000203464,0.000203451,0.000204421,0.000204886,0.000204461,0.000204482,0.000204354,0.000204744,0.000204831,0.000204555,0.000204829
0.000198741,0.000200032,0.000200125,0.000200514,0.000201233,0.00020152,0.000201229,0.000200842,0.000201763,0.000201842,0.000201658,0.000201448,0.000202373,0.000202432,0.000201643,0.000202139,0.000202724,0.000202073,0.000202383,0.000202146,0.000202714,0.000202461,0.000202682,0.00020343,0.0002035,0.000202966,0.000202909,0.000203563,0.000203804,0.00020299,0.000202984,0.000203907,0.000204217,0.000203913,0.000203976,0.000203835,0.000204141,0.000204262,0.000203947,0.000204195
0.00019814,0.000199461,0.000199591,0.000199959,0.00020059,0.00020094,0.000200702,0.000200228,0.000201076,0.000201292,0.000201041,0.000200947,0.000201847,0.000201862,0.000201034,0.000201453,0.000202172,0.000201609,0.000201762,0.000201581,0.000202085,0.000201874,0.000202125,0.000202815,0.000202881,0.000202492,0.000202317,0.000202983,0.000203247,0.00020236,0.000202367,0.000203281,0.000203702,0.000203346,0.00020335,0.000203226,0.000203579,0.000203623,0.000203398,0.00020358
0.000197495,0.000198886,0.000199055,0.000199421,0.000199991,0.000200426,0.000200064,0.000199625,0.000200588,0.000200755,0.000200471,0.000200269,0.000201274,0.000201289,0.000200517,0.000200912,0.000201737,0.000201071,0.00020121,0.000200939,0.000201541,0.000201313,0.000201529,0.000202288,0.000202309,0.00020186,0.000201779,0.00020257,0.00020261,0.00020183,0.000201859,0.000202793,0.000203103,0.000202735,0.000202778,0.000202727,0.000202948,0.000203084,0.000202769,0.00020311
0.000196904,0.000198291,0.000198409,0.000198829,0.000199477,0.000199807,0.000199555,0.000199038,0.000199963,0.000200145,0.000199928,0.000199703,0.000200674,0.000200675,0.000199904,0.000200338,0.000201144,0.000200431,0.000200684,0.000200399,0.000201061,0.000200733,0.000200909,0.000201674,0.000201701,0.000201295,0.000201161,0.000202024,0.000202116,0.00020123,0.000201219,0.000202137,0.000202537,0.00020219,0.000202227,0.000202117,0.000202318,0.000202567,0.000202186,0.000202481
0.000196362,0.000197774,0.00019789,0.000198292,0.00019886,0.000199356,0.000198956,0.000198483,0.000199348,0.000199652,0.000199374,0.000199139,0.000200159,0.00020016,0.00019936,0.000199785,0.000200526,0.000199852,0.000200127,0.000199903,0.000200492,0.000200192,0.000200328,0.000201076,0.000201175,0.000200725,0.000200615,0.000201403,0.000201507,0.00020074,0.00020065,0.000201587,0.000201806,0.000201624,0.000201603,0.000201582,0.000201823,0.000201963,0.000201657,0.000201889
0.000195809,0.000197179,0.000197286,0.000197723,0.00019835,0.000198788,0.000198348,0.000197932,0.000198824,0.00019903,0.000198813,0.000198533,0.000199501,0.000199605,0.00019882,0.000199222,0.000199916,0.000199323,0.000199564,0.000199249,0.000200004,0.000199628,0.000199797,0.000200539,0.000200616,0.000200099,0.000200037,0.00020081,0.000200919,0.0002001,0.00020016,0.000200937,0.000201241,0.000201014,0.00020092,0.000201007,0.000201343,0.000201395,0.000201001,0.000201366
0.000195266,0.000196562,0.000196615,0.0001971,0.000197732,0.000198217,0.00019775,0.000197311,0.000198271,0.000198435,0.000198203,0.000198003,0.000198925,0.000198999,0.000198205,0.000198634,0.00019936,0.000198863,0.000199044,0.000198726,0.000199431,0.000199057,0.000199198,0.000200021,0.000200002,0.00019962,0.000199467,0.000200265,0.000200423,0.000199551,0.000199613,0.000200455,0.00020078,0.000200484,0.000200334,0.000200427,0.000200669,0.000200793,0.000200461,0.000200708
0.000194753,0.000196058,0.000196112,0.000196488,0.000197173,0.000197657,0.000197213,0.000196742,0.000197691,0.000197883,0.000197627,0.000197429,0.000198345,0.000198474,0.000197621,0.000198144,0.00019869,0.00019828,0.000198464,0.00019815,0.000198885,0.000198581,0.000198653,0.000199398,0.000199476,0.000199006,0.000198924,0.000199686,0.000199926,0.000199012,0.00019898,0.00019993,0.000200218,0.000199933,0.000199851,0.000199867,0.000199996,0.000200197,0.000199901,0.000200119
0.000194195,0.000195477,0.00019559,0.000195968,0.00019665,0.000197055,0.000196648,0.000196193,0.000197119,0.000197348,0.00019705,0.000196898,0.000197785,0.000197921,0.000197114,0.000197604,0.000198288,0.000197708,0.000197903,0.000197663,0.000198294,0.000197931,0.000198073,0.000198851,0.000198921,0.000198424,0.000198397,0.000199106,0.000199327,0.00019839,0.000198429,0.000199348,0.000199709,0.000199396,0.000199297,0.00019938,0.000199498,0.000199632,0.000199238,0.00019953
0.000193625,0.000194896,0.000194969,0.000195364,0.00019617,0.000196529,0.000196094,0.000195595,0.000196546,0.000196839,0.000196473,0.000196345,0.000197273,0.000197363,0.000196616,0.000197087,0.000197718,0.000197101,0.000197251,0.000197081,0.000197832,0.000197424,0.000197564,0.000198324,0.000198399,0.000197917,0.000197804,0.000198549,0.000198791,0.000197904,0.000197888,0.000198756,0.000199043,0.000198862,0.000198744,0.000198813,0.000198929,0.000199073,0.000198757,0.000199034
0.000193102,0.00019432,0.000194371,0.000194757,0.000195496,0.000196064,0.000195554,0.000195011,0.000195955,0.000196293,0.000195928,0.00019587,0.00019664,0.000196846,0.000195994,0.00019652,0.000197155,0.00019657,0.000196705,0.000196574,0.000197214,0.000196897,0.000196992,0.000197834,0.000197884,0.000197355,0.000197226,0.000198,0.000198197,0.000197343,0.00019732,0.000198196,0.000198521,0.000198371,0.000198145,0.000198209,0.000198267,0.000198579,0.00019816,0.000198493
0.000192508,0.000193726,0.000193797,0.000194243,0.000194917,0.000195462,0.000194923,0.000194479,0.00019531,0.000195738,0.000195385,0.000195262,0.000196151,0.000196298,0.000195489,0.000195994,0.000196585,0.000196042,0.000196163,0.00019596,0.000196658,0.000196298,0.000196464,0.000197186,0.000197293,0.0001967,0.000196697,0.000197468,0.000197669,0.000196801,0.000196816,0.000197716,0.000197988,0.000197788,0.000197693,0.000197737,0.000197864,0.000198037,0.000197673,0.000197888
0.000192025,0.000193207,0.000193168,0.000193665,0.000194463,0.000194888,0.000194405,0.000193819,0.000194858,0.000195161,0.000194839,0.000194692,0.000195599,0.000195688,0.000194904,0.00019541,0.00019606,0.000195469,0.000195622,0.000195481,0.00019615,0.000195732,0.000195901,0.000196681,0.000196757,0.000196233,0.000196141,0.000196831,0.000197187,0.000196198,0.000196222,0.000197119,0.000197354,0.000197262,0.000197041,0.000197126,0.000197297,0.000197545,0.0001971,0.00019726
0.000191474,0.000192676,0.000192648,0.000193055,0.000193766,0.000194356,0.000193886,0.000193225,0.000194306,0.000194597,0.000194288,0.000194168,0.000195112,0.000195168,0.000194403,0.000194831,0.000195488,0.000195025,0.000195054,0.000194881,0.000195619,0.000195201,0.000195368,0.000196135,0.000196199,0.000195588,0.000195469,0.000196303,0.000196645,0.000195555,0.000195683,0.00019664,0.000196879,0.000196644,0.000196532,0.00019651,0.000196712,0.000196969,0.000196526,0.000196751
0.000190913,0.000192058,0.000192063,0.000192493,0.000193173,0.00019379,0.000193371,0.000192762,0.000193781,0.000194071,0.000193754,0.000193673,0.000194577,0.000194636,0.000193847,0.000194201,0.000194869,0.000194334,0.000194516,0.000194386,0.000195046,0.000194622,0.000194843,0.000195591,0.000195578,0.000195121,0.000194933,0.000195732,0.000196027,0.000195073,0.000195095,0.000196087,0.00019631,0.000196068,0.000195922,0.000195976,0.000196207,0.000196383,0.000195993,0.000196134
0.000190427,0.000191541,0.000191507,0.000191836,0.000192705,0.00019327,0.00019273,0.000192125,0.000193239,0.000193567,0.000193183,0.000193066,0.000193987,0.00019407,0.000193315,0.000193669,0.000194353,0.000193885,0.000193901,0.000193805,0.00019446,0.000194113,0.000194136,0.00019503,0.000195018,0.000194557,0.000194387,0.000195059,0.000195464,0.000194556,0.000194541,0.00019544,0.000195844,0.000195517,0.000195306,0.000195347,0.000195566,0.000195832,0.000195431,0.000195681
0.000189698,0.000191024,0.000190958,0.000191336,0.000192025,0.00019272,0.000192207,0.00019171,0.000192661,0.000193002,0.000192564,0.00019252,0.000193476,0.000193527,0.00019277,0.000193168,0.000193752,0.000193362,0.000193371,0.000193279,0.00019395,0.000193589,0.000193633,0.000194441,0.000194522,0.000194003,0.000193844,0.000194537,0.000194775,0.000194066,0.000194012,0.000194904,0.000195242,0.000194965,0.000194839,0.000194852,0.000194988,0.000195271,0.000194884,0.000195116
0.000189137,0.000190415,0.000190361,0.000190722,0.00019151,0.000192111,0.000191661,0.000191215,0.00019214,0.00019249,0.000192076,0.000191945,0.000192956,0.000192958,0.00019216,0.000192649,0.000193228,0.000192771,0.000192853,0.000192688,0.000193433,0.000192926,0.00019309,0.000193907,0.000194039,0.00019344,0.000193324,0.00019405,0.000194329,0.00019342,0.000193479,0.000194369,0.000194723,0.000194417,0.000194171,0.000194299,0.000194297,0.000194759,0.0001943,0.000194519
0.000188645,0.000189861,0.000189865,0.000190239,0.000190966,0.000191569,0.000191083,0.00019057,0.000191605,0.000191857,0.000191543,0.000191401,0.000192436,0.000192466,0.000191661,0.000192062,0.000192662,0.000192262,0.000192358,0.000192129,0.000192904,0.000192575,0.000192576,0.000193392,0.00019356,0.000192876,0.000192777,0.000193469,0.000193767,0.000192902,0.00019291,0.000193771,0.000194221,0.000193906,0.000193644,0.000193697,0.000193921,0.000194138,0.000193755,0.000194063
0.000188067,0.00018933,0.000189321,0.000189648,0.000190466,0.000191039,0.000190539,0.000190001,0.000191166,0.000191322,0.000190966,0.000190833,0.000191876,0.000191933,0.000191131,0.000191536,0.000192204,0.000191764,0.000191713,0.00019156,0.000192372,0.000191961,0.000192052,0.000192943,0.000193029,0.00019241,0.000192249,0.000192934,0.000193292,0.000192394,0.000192433,0.000193269,0.000193593,0.000193399,0.000193104,0.000193079,0.000193413,0.000193711,0.000193225,0.000193447
0.000187616,0.000188793,0.00018878,0.000189067,0.000189946,0.000190587,0.000189975,0.000189487,0.000190657,0.000190834,0.000190402,0.000190266,0.000191311,0.000191398,0.000190605,0.000191036,0.000191634,0.000191197,0.0001912,0.000190982,0.000191836,0.000191452,0.000191466,0.000192394,0.000192506,0.000191872,0.000191737,0.000192345,0.000192752,0.000191862,0.000191959,0.000192664,0.000193028,0.000192852,0.000192623,0.000192668,0.000192864,0.000193112,0.000192728,0.00019294
0.000187062,0.000188285,0.000188243,0.000188575,0.000189389,0.000189939,0.000189409,0.000188981,0.000190049,0.000190329,0.000189902,0.000189785,0.000190779,0.000190803,0.000190099,0.000190588,0.000191132,0.000190678,0.000190567,0.000190473,0.00019135,0.000190926,0.000190954,0.000191847,0.000192037,0.000191315,0.000191212,0.000191786,0.000192247,0.000191339,0.000191399,0.000192077,0.000192501,0.000192325,0.000192049,0.000192023,0.000192291,0.000192631,0.000192141,0.00019238
0.00018646,0.000187721,0.000187721,0.000188019,0.000188858,0.000189393,0.000188861,0.000188444,0.000189403,0.000189851,0.000189373,0.000189293,0.000190219,0.000190285,0.000189496,0.00019002,0.000190625,0.000189988,0.000190041,0.000189942,0.000190765,0.000190321,0.000190389,0.000191334,0.000191419,0.000190791,0.000190636,0.000191363,0.00019168,0.000190724,0.000190838,0.000191636,0.000192006,0.000191789,0.000191483,0.000191557,0.000191775,0.000192114,0.000191619,0.000191878
0.000186006,0.000187183,0.00018717,0.000187437,0.000188337,0.000189014,0.000188388,0.000187877,0.000188955,0.000189323,0.0001889,0.000188731,0.000189668,0.00018977,0.000189089,0.000189475,0.000190044,0.000189463,0.00018964,0.000189434,0.00019027,0.000189765,0.000189792,0.000190874,0.000190871,0.000190329,0.000189994,0.000190845,0.000191089,0.000190214,0.000190295,0.0001911,0.000191479,0.000191287,0.000190964,0.000191034,0.000191219,0.00019159,0.000191101,0.000191238
0.000185444,0.000186665,0.000186664,0.000186944,0.000187891,0.000188456,0.000187869,0.000187326,0.000188358,0.000188642,0.000188315,0.000188118,0.00018917,0.000189198,0.000188466,0.000188908,0.000189525,0.00018894,0.000189102,0.0001889,0.000189777,0.000189396,0.000189306,0.000190345,0.000190338,0.000189798,0.000189527,0.000190267,0.000190643,0.000189719,0.000189727,0.000190524,0.0001909,0.0001907,0.000190455,0.000190499,0.000190631,0.000191065,0.000190538,0.000190706
0.000184951,0.000186102,0.000186143,0.000186393,0.000187247,0.000187889,0.000187277,0.000186876,0.000187863,0.000188175,0.000187762,0.000187649,0.000188643,0.000188705,0.000187971,0.000188388,0.000188981,0.000188475,0.000188536,0.000188345,0.000189307,0.000188719,0.000188775,0.000189695,0.000189789,0.000189227,0.000188993,0.000189758,0.00019018,0.000189135,0.000189156,0.00019002,0.000190438,0.000190193,0.000189884,0.000189895,0.000190107,0.000190564,0.000189982,0.000190257
0.0001844,0.00018556,0.000185595,0.000185931,0.00018673,0.000187332,0.000186736,0.000186329,0.00018732,0.000187737,0.000187234,0.000187136,0.00018812,0.0001882,0.000187478,0.000187898,0.000188476,0.00018796,0.000188032,0.000187875,0.000188725,0.000188357,0.000188185,0.000189205,0.000189214,0.000188703,0.000188455,0.000189146,0.000189602,0.000188559,0.000188627,0.000189508,0.000189954,0.000189583,0.000189372,0.000189321,0.000189597,0.000190084,0.000189441,0.000189735
0.00018382,0.000185106,0.000185071,0.00018534,0.000186265,0.000186879,0.000186242,0.000185769,0.000186816,0.000187132,0.000186726,0.000186545,0.000187682,0.00018767,0.000186928,0.00018737,0.000187992,0.000187516,0.000187508,0.000187367,0.000188204,0.000187801,0.000187678,0.000188772,0.000188652,0.00018817,0.000187871,0.000188568,0.000189044,0.000188006,0.000188118,0.000188952,0.000189423,0.000189126,0.000188888,0.000188849,0.000189082,0.000189453,0.000188878,0.000189153
0.000183257,0.0001845,0.000184457,0.000184755,0.000185788,0.000186309,0.000185783,0.000185141,0.000186279,0.000186663,0.000186209,0.000185959,0.000187151,0.000187153,0.000186372,0.000186863,0.000187548,0.000186956,0.000186979,0.000186749,0.000187656,0.000187255,0.000187169,0.000188205,0.000188229,0.00018755,0.000187333,0.00018805,0.000188541,0.000187513,0.000187658,0.000188495,0.000188864,0.000188599,0.000188311,0.0001883,0.000188546,0.000188986,0.000188354,0.000188641
0.000182774,0.000183998,0.000184,0.000184255,0.000185235,0.00018581,0.00018532,0.000184728,0.0001857,0.000186117,0.000185629,0.000185492,0.000186537,0.000186549,0.000185828,0.000186288,0.000186972,0.000186404,0.000186393,0.0001863,0.0001871,0.000186695,0.000186634,0.000187632,0.000187553,0.000187081,0.000186812,0.0001875,0.000187966,0.000187063,0.000187107,0.000187997,0.000188311,0.000188003,0.000187757,0.000187746,0.00018815,0.000188483,0.000187877,0.000188102
0.000182266,0.000183451,0.000183498,0.000183775,0.000184766,0.000185175,0.000184795,0.000184124,0.000185154,0.000185638,0.000185107,0.000184938,0.000186015,0.000186102,0.00018521,0.000185707,0.000186444,0.000185901,0.000185931,0.000185788,0.000186536,0.000186186,0.000186074,0.000187161,0.000186992,0.000186516,0.000186357,0.000186973,0.000187384,0.000186519,0.000186608,0.000187518,0.000187772,0.000187545,0.000187259,0.000187132,0.000187578,0.000187981,0.000187345,0.000187439
0.000181635,0.000182941,0.00018292,0.000183184,0.000184209,0.000184659,0.000184219,0.000183634,0.000184668,0.000185087,0.0001845,0.00018439,0.000185455,0.000185524,0.000184695,0.000185208,0.000185916,0.000185377,0.000185381,0.000185229,0.00018608,0.000185647,0.000185536,0.000186588,0.00018651,0.00018601,0.000185821,0.000186491,0.000186845,0.00018604,0.000186061,0.000186926,0.000187316,0.000186982,0.000186742,0.00018663,0.000186983,0.000187436,0.000186858,0.000186939
0.000181088,0.000182437,0.000182394,0.000182669,0.000183672,0.000184138,0.000183594,0.000183037,0.000184155,0.000184415,0.000184057,0.000183923,0.000184961,0.000185056,0.000184203,0.000184652,0.000185384,0.000184836,0.000184825,0.000184721,0.000185601,0.000185112,0.000185092,0.000186037,0.000186073,0.000185472,0.000185232,0.000186101,0.000186311,0.000185489,0.000185591,0.000186416,0.000186752,0.000186453,0.000186273,0.000186138,0.000186599,0.000186886,0.000186337,0.000186425
0.000180537,0.000181847,0.000181904,0.000182104,0.000183189,0.000183608,0.000182989,0.000182554,0.000183586,0.000183929,0.000183428,0.000183408,0.00018446,0.000184557,0.000183618,0.000184196,0.000184925,0.000184326,0.000184279,0.000184222,0.000185094,0.000184662,0.000184556,0.000185566,0.000185499,0.000184963,0.00018471,0.000185487,0.000185784,0.000184982,0.000185001,0.000185919,0.000186234,0.000185935,0.000185736,0.00018564,0.000185954,0.000186339,0.000185795,0.000185923
0.00017987,0.000181405,0.000181376,0.000181583,0.000182607,0.00018308,0.000182502,0.000182067,0.000183086,0.000183435,0.000182964,0.000182824,0.000183956,0.000184032,0.000183105,0.000183676,0.000184365,0.000183825,0.000183752,0.000183659,0.000184566,0.000184103,0.000184032,0.000185063,0.000185008,0.000184409,0.000184276,0.000185011,0.000185291,0.000184467,0.000184462,0.000185403,0.000185786,0.000185412,0.00018516,0.000185119,0.000185453,0.000185829,0.000185277,0.00018538
0.000179301,0.000180836,0.000180867,0.000181076,0.000182114,0.000182575,0.000182086,0.000181563,0.000182553,0.000182986,0.000182475,0.000182336,0.000183483,0.000183527,0.000182584,0.000182962,0.000183869,0.000183349,0.000183303,0.000183133,0.00018401,0.000183615,0.000183528,0.00018457,0.000184456,0.000183889,0.000183678,0.00018448,0.000184795,0.000183889,0.00018392,0.000184914,0.000185167,0.00018489,0.000184669,0.000184561,0.000185068,0.000185309,0.000184772,0.00018484
0.00017887,0.000180325,0.000180305,0.000180585,0.00018153,0.000182111,0.000181492,0.000180858,0.00018207,0.000182421,0.000181915,0.000181866,0.000182952,0.000183036,0.000182065,0.000182478,0.000183303,0.000182794,0.000182748,0.00018267,0.000183448,0.000183091,0.000183075,0.000184041,0.000183976,0.000183372,0.000183248,0.000183973,0.000184237,0.000183283,0.000183372,0.000184356,0.000184662,0.00018442,0.000184103,0.000183982,0.0001844,0.000184782,0.000184206,0.000184319
0.000178449,0.00017984,0.000179845,0.000180001,0.000181047,0.00018162,0.000181048,0.000180338,0.000181504,0.000182055,0.000181455,0.0001813,0.000182428,0.000182418,0.000181578,0.000181962,0.000182813,0.000182273,0.000182258,0.000182155,0.000182876,0.000182559,0.000182515,0.000183559,0.000183375,0.000182871,0.000182714,0.000183457,0.000183777,0.000182798,0.000182891,0.000183865,0.000184143,0.000183866,0.00018357,0.000183532,0.000183888,0.000184272,0.000183655,0.000183867
0.00017779,0.000179333,0.000179223,0.000179565,0.000180459,0.000181097,0.000180469,0.000179885,0.000180966,0.000181533,0.000180843,0.000180734,0.000181938,0.000181929,0.000181057,0.000181472,0.000182332,0.000181725,0.000181746,0.000181629,0.000182396,0.000182078,0.000181974,0.000183016,0.000182938,0.000182388,0.000182232,0.000182918,0.000183306,0.000182188,0.000182302,0.000183309,0.000183682,0.000183336,0.000183034,0.000182991,0.0001834,0.000183764,0.000183229,0.000183323
0.000177122,0.00017879,0.000178793,0.000179078,0.00017994,0.000180562,0.000179901,0.000179477,0.000180499,0.000180926,0.00018047,0.000180196,0.000181423,0.000181419,0.000180541,0.000180987,0.00018179,0.000181202,0.000181219,0.000181071,0.00018192,0.000181513,0.000181436,0.000182478,0.000182457,0.000181899,0.000181697,0.000182488,0.000182754,0.000181621,0.000181847,0.000182836,0.000183119,0.000182807,0.000182495,0.000182427,0.000182889,0.000183244,0.000182688,0.000182844
0.000176571,0.000178265,0.000178267,0.000178546,0.000179471,0.000180019,0.000179407,0.000178903,0.00017999,0.000180386,0.000179877,0.000179756,0.000180976,0.000180833,0.000180008,0.000180459,0.00018125,0.000180699,0.000180686,0.000180544,0.00018136,0.000180937,0.000180919,0.000181936,0.000181897,0.000181304,0.000181089,0.000181926,0.000182087,0.000181132,0.000181272,0.000182206,0.000182666,0.000182329,0.00018197,0.000181931,0.000182442,0.000182619,0.000182153,0.00018235
0.000176203,0.000177806,0.000177726,0.000177965,0.000178956,0.000179538,0.000178865,0.000178385,0.000179458,0.000179785,0.0001794,0.000179174,0.000180456,0.00018044,0.000179468,0.000179934,0.000180684,0.000180122,0.00018014,0.000180035,0.000180907,0.000180523,0.000180449,0.000181332,0.000181398,0.000180876,0.000180612,0.000181373,0.000181708,0.000180586,0.000180655,0.000181707,0.000182137,0.000181757,0.000181472,0.000181394,0.000181899,0.000182124,0.000181655,0.000181765
0.000175661,0.000177299,0.000177247,0.000177435,0.000178441,0.000179016,0.000178373,0.000177958,0.000178949,0.000179276,0.000178858,0.000178678,0.000179905,0.000179853,0.000178993,0.000179433,0.000180198,0.000179628,0.000179602,0.000179588,0.000180377,0.000179913,0.00017986,0.000180965,0.000180941,0.000180266,0.000180049,0.000180872,0.000181188,0.000180065,0.0001802,0.000181263,0.000181628,0.000181265,0.000180968,0.000180835,0.000181319,0.000181652,0.000181164,0.000181246
0.00017512,0.000176764,0.000176643,0.000176992,0.000177908,0.000178492,0.000177916,0.000177408,0.000178389,0.000178752,0.000178317,0.000178151,0.000179386,0.000179456,0.000178448,0.00017893,0.00017972,0.000179165,0.000179138,0.00017903,0.000179859,0.000179476,0.000179376,0.000180417,0.000180452,0.000179745,0.000179526,0.000180391,0.000180679,0.000179522,0.000179654,0.000180708,0.000181126,0.000180787,0.000180462,0.000180392,0.000180804,0.000181145,0.000180681,0.000180745
0.000174566,0.000176294,0.000176161,0.000176368,0.000177461,0.000177982,0.000177312,0.000176877,0.000177939,0.000178277,0.000177794,0.000177621,0.000178858,0.000178911,0.00017789,0.000178442,0.000179225,0.000178611,0.000178614,0.000178609,0.000179307,0.000178945,0.000178815,0.000179917,0.000179889,0.000179227,0.00017904,0.000179883,0.000180255,0.000179072,0.000179046,0.000180204,0.000180583,0.000180299,0.000179996,0.000179859,0.000180379,0.000180583,0.000180084,0.0001802
0.000174185,0.000175771,0.000175643,0.000175924,0.000176866,0.000177471,0.000176841,0.000176245,0.000177315,0.000177814,0.00017726,0.000177165,0.00017834,0.000178417,0.00017743,0.000177927,0.000178717,0.000178104,0.00017806,0.000178065,0.000178822,0.000178421,0.000178299,0.000179376,0.000179398,0.000178734,0.000178507,0.000179328,0.000179604,0.000178473,0.000178592,0.000179718,0.000180103,0.000179709,0.00017945,0.000179264,0.000179704,0.000180113,0.000179532,0.000179683
0.000173368,0.000175259,0.000175059,0.000175333,0.000176397,0.000176947,0.000176384,0.000175848,0.00017687,0.00017727,0.000176761,0.000176646,0.000177843,0.000177918,0.000176884,0.000177364,0.000178211,0.000177593,0.000177521,0.000177534,0.000178341,0.000177944,0.00017782,0.000178867,0.000178823,0.00017819,0.000178017,0.000178782,0.000179125,0.000177989,0.000178111,0.000179177,0.000179496,0.000179177,0.000178899,0.000178711,0.000179328,0.000179579,0.000178969,0.00017914
0.000172651,0.000174718,0.00017453,0.000174838,0.000175855,0.000176432,0.000175854,0.000175303,0.00017641,0.0001769,0.000176237,0.000176084,0.000177337,0.000177373,0.000176372,0.000176863,0.000177707,0.000177072,0.00017707,0.000177016,0.000177782,0.000177383,0.000177324,0.000178353,0.000178296,0.000177669,0.000177437,0.000178263,0.000178601,0.0001775,0.000177602,0.000178589,0.000178996,0.000178658,0.00017843,0.000178277,0.000178765,0.000179063,0.000178529,0.000178664
0.000172101,0.000174258,0.000173985,0.000174295,0.000175371,0.000175933,0.000175318,0.000174799,0.000175878,0.000176302,0.000175825,0.000175537,0.000176841,0.000176926,0.000175825,0.000176378,0.000177174,0.000176581,0.00017649,0.000176484,0.000177363,0.00017698,0.000176811,0.000177783,0.000177857,0.000177175,0.00017689,0.000177741,0.000178133,0.000176931,0.00017713,0.000178026,0.000178537,0.000178107,0.00017789,0.000177711,0.000178282,0.000178535,0.000177917,0.000178088
0.000171689,0.000173721,0.000173516,0.00017383,0.000174831,0.000175392,0.000174816,0.000174232,0.00017532,0.000175705,0.000175248,0.000175083,0.000176281,0.000176329,0.000175296,0.000175858,0.000176599,0.000176098,0.000175991,0.00017588,0.000176838,0.000176403,0.000176276,0.000177339,0.000177294,0.000176531,0.000176376,0.000177292,0.000177608,0.00017646,0.000176631,0.000177481,0.000177995,0.000177601,0.000177396,0.000177179,0.000177793,0.000177996,0.000177472,0.000177493
0.000171176,0.000173231,0.000172994,0.000173273,0.000174339,0.000174924,0.000174307,0.000173698,0.000174905,0.000175261,0.000174685,0.000174496,0.000175808,0.000175782,0.000174864,0.000175332,0.000176049,0.000175555,0.000175393,0.000175367,0.000176274,0.000175832,0.000175774,0.00017687,0.000176777,0.000176036,0.000175858,0.000176734,0.000177009,0.000175959,0.000176074,0.000176949,0.000177439,0.000177016,0.000176856,0.000176616,0.000177158,0.000177463,0.000176926,0.000176964
0.000170495,0.00017268,0.000172463,0.000172733,0.000173778,0.000174347,0.000173738,0.000173178,0.000174367,0.000174695,0.000174133,0.000173947,0.000175355,0.000175325,0.000174295,0.000174829,0.000175561,0.000175081,0.000174839,0.00017489,0.000175758,0.000175354,0.000175243,0.000176343,0.000176296,0.000175533,0.000175349,0.00017624,0.000176535,0.000175415,0.000175461,0.000176396,0.000176914,0.00017651,0.00017638,0.000176173,0.000176666,0.000176873,0.000176408,0.000176523
0.000169866,0.000172119,0.000171878,0.000172156,0.000173275,0.000173776,0.000173199,0.000172676,0.00017377,0.000174189,0.000173651,0.000173471,0.00017485,0.000174765,0.000173751,0.000174309,0.000175074,0.000174536,0.000174355,0.000174403,0.000175288,0.000174765,0.000174705,0.000175834,0.000175777,0.000175006,0.000174789,0.00017571,0.000176096,0.000174924,0.000174863,0.000175824,0.000176393,0.000176062,0.000175756,0.000175632,0.000176172,0.000176359,0.000175873,0.000176029
0.000169347,0.00017163,0.000171425,0.000171677,0.000172802,0.000173266,0.000172681,0.000172117,0.000173291,0.000173738,0.00017313,0.000172942,0.000174352,0.000174203,0.000173241,0.000173802,0.000174515,0.00017402,0.000173879,0.000173913,0.000174822,0.00017423,0.000174172,0.000175287,0.000175367,0.000174433,0.000174316,0.000175195,0.000175432,0.000174401,0.000174389,0.000175342,0.000175869,0.000175487,0.000175272,0.000175076,0.000175674,0.000175933,0.000175384,0.000175435
0.000169609,0.000171104,0.000170911,0.000171156,0.000172311,0.00017277,0.000172093,0.000171665,0.000172795,0.000173155,0.000172578,0.000172444,0.000173752,0.000173663,0.000172692,0.000173293,0.00017401,0.00017353,0.000173335,0.000173345,0.000174275,0.000173779,0.000173696,0.000174764,0.000174822,0.000173941,0.000173812,0.000174641,0.000174936,0.000173926,0.000173796,0.000174865,0.000175318,0.000174926,0.000174704,0.000174514,0.000175122,0.000175412,0.000174855,0.000174918
0.000168899,0.00017056,0.00017032,0.000170608,0.000171794,0.000172311,0.000171663,0.00017103,0.00017221,0.000172659,0.000172011,0.000171874,0.000173231,0.000173191,0.000172175,0.000172747,0.000173553,0.000173033,0.000172732,0.000172832,0.000173742,0.000173172,0.000173045,0.000174141,0.000174257,0.000173426,0.000173271,0.000174124,0.000174439,0.000173476,0.000173268,0.0001743,0.000174805,0.000174389,0.000174152,0.00017402,0.000174586,0.000174867,0.000174345,0.000174317
0.000168381,0.000170077,0.000169813,0.000170057,0.000171253,0.000171757,0.000171141,0.000170443,0.000171636,0.000172109,0.000171496,0.000171312,0.000172738,0.000172693,0.000171644,0.000172176,0.000173018,0.000172439,0.000172298,0.000172299,0.000173236,0.000172672,0.000172509,0.00017367,0.00017373,0.000172877,0.00017269,0.000173565,0.000173949,0.000172898,0.000172767,0.000173832,0.000174363,0.000173904,0.000173627,0.000173499,0.000174154,0.000174373,0.000173837,0.000173812
0.000167931,0.000169511,0.000169331,0.000169568,0.000170738,0.00017131,0.00017059,0.000170007,0.000171115,0.000171661,0.000170974,0.000170736,0.000172256,0.000172179,0.000171131,0.000171623,0.000172499,0.000171931,0.000171818,0.000171749,0.000172723,0.000172183,0.000172009,0.000173177,0.000173175,0.000172294,0.000172144,0.000173058,0.00017345,0.000172276,0.000172277,0.000173268,0.000173903,0.000173365,0.000173109,0.000172944,0.000173575,0.000173878,0.000173236,0.000173261
0.00016724,0.00016908,0.000168773,0.000169093,0.000170221,0.000170761,0.000170013,0.000169377,0.000170586,0.000171127,0.00017041,0.000170246,0.000171811,0.000171642,0.000170566,0.00017112,0.00017198,0.000171317,0.000171283,0.000171272,0.000172139,0.000171648,0.000171495,0.000172642,0.000172707,0.000171813,0.000171622,0.000172504,0.000172936,0.000171737,0.000171757,0.0001728,0.000173319,0.000172843,0.000172617,0.000172464,0.000172946,0.000173289,0.000172818,0.000172658
0.000166574,0.000168424,0.00016826,0.000168527,0.000169713,0.000170237,0.000169483,0.00016894,0.000170145,0.000170674,0.000169856,0.000169757,0.000171222,0.000171156,0.000170047,0.0001706,0.000171469,0.000170768,0.000170737,0.000170712,0.000171564,0.000171136,0.000171028,0.000172136,0.000172166,0.000171283,0.000171099,0.000171952,0.00017236,0.000171204,0.000171228,0.000172331,0.000172769,0.000172327,0.000172068,0.000171912,0.000172515,0.000172736,0.000172332,0.000172196
0.000165885,0.000167965,0.000167756,0.000167968,0.000169199,0.000169771,0.000168928,0.000168373,0.000169621,0.000170077,0.000169283,0.000169193,0.000170696,0.000170548,0.000169507,0.000170001,0.000170931,0.000170244,0.000170241,0.000170239,0.000171029,0.000170595,0.000170407,0.00017159,0.000171675,0.00017074,0.000170578,0.000171468,0.00017183,0.000170676,0.00017063,0.000171746,0.000172179,0.000171781,0.000171512,0.000171387,0.000171886,0.000172269,0.000171647,0.000171685
0.000166316,0.000167348,0.000167214,0.0001675,0.000168691,0.000169246,0.000168395,0.000167943,0.000169125,0.000169613,0.000168844,0.000168609,0.000170162,0.000169997,0.000168976,0.000169519,0.000170395,0.000169682,0.000169646,0.000169681,0.000170546,0.000170023,0.000169878,0.00017112,0.000171123,0.00017021,0.000169989,0.000170976,0.000171387,0.000170146,0.000170085,0.000171173,0.000171689,0.000171232,0.000170921,0.000170802,0.000171531,0.000171728,0.000171089,0.000171125
0.000165728,0.000166931,0.000166664,0.000166962,0.000168198,0.00016874,0.000167803,0.000167396,0.000168549,0.000169138,0.000168258,0.000168116,0.000169653,0.000169509,0.000168422,0.00016899,0.000169923,0.000169119,0.000169187,0.000169168,0.000170012,0.000169602,0.000169452,0.000170493,0.000170603,0.000169702,0.000169452,0.000170407,0.000170797,0.000169636,0.000169555,0.000170642,0.000171187,0.000170727,0.000170433,0.000170239,0.000170948,0.000171166,0.000170517,0.000170597
0.000165301,0.000166446,0.000166093,0.000166241,0.000167645,0.00016816,0.000167376,0.000166848,0.000168067,0.000168586,0.000167756,0.000167561,0.000169111,0.000169005,0.000167949,0.000168529,0.000169382,0.000168593,0.000168641,0.000168676,0.000169576,0.000168982,0.000168917,0.00017004,0.00017007,0.000169108,0.000168928,0.000169877,0.000170262,0.000169065,0.000169111,0.000170139,0.000170649,0.000170276,0.000169902,0.000169757,0.000170312,0.000170678,0.000169983,0.000170063
0.000164707,0.000165803,0.000165564,0.000165717,0.000167111,0.000167693,0.000166831,0.000166225,0.000167529,0.000167986,0.00016715,0.000166965,0.000168571,0.000168535,0.00016741,0.000167982,0.000168814,0.000168086,0.000168099,0.00016811,0.00016904,0.000168477,0.000168395,0.000169559,0.000169516,0.00016861,0.000168381,0.000169368,0.000169754,0.000168565,0.000168479,0.000169605,0.000170153,0.000169667,0.000169381,0.000169293,0.000169788,0.000170098,0.000169522,0.00016949
0.00016425,0.000165312,0.000164987,0.00016527,0.00016659,0.00016714,0.000166292,0.000165716,0.00016697,0.00016742,0.000166558,0.000166475,0.000168033,0.000168032,0.000166872,0.000167536,0.000168298,0.000167495,0.000167548,0.000167565,0.00016852,0.000167953,0.000167829,0.000169001,0.000169016,0.000168102,0.000167822,0.000168809,0.000169306,0.000167968,0.00016791,0.000169122,0.000169628,0.000169201,0.000168849,0.00016873,0.000169287,0.000169594,0.000169087,0.000169033
0.000163791,0.000164763,0.000164349,0.000164727,0.000166108,0.000166611,0.000165772,0.000165196,0.000166486,0.000166968,0.00016606,0.000165909,0.000167517,0.000167428,0.00016637,0.000166937,0.000167631,0.000167029,0.000166897,0.000167037,0.000167905,0.000167436,0.000167305,0.000168457,0.000168424,0.00016752,0.000167381,0.000168314,0.000168831,0.000167451,0.000167408,0.000168544,0.000169066,0.000168743,0.000168316,0.000168234,0.000168846,0.000169105,0.000168469,0.000168482
0.000163304,0.000164171,0.000163923,0.00016425,0.00016558,0.000166174,0.00016528,0.000164669,0.000165961,0.000166403,0.000165504,0.000165352,0.000166978,0.000166903,0.000165764,0.000166422,0.000167173,0.000166468,0.000166403,0.000166519,0.000167262,0.000166838,0.000166773,0.000167862,0.000167907,0.000166997,0.000166854,0.000167769,0.000168301,0.000166872,0.000166881,0.00016803,0.000168512,0.000168093,0.000167789,0.000167612,0.000168223,0.000168539,0.000167918,0.000167936
0.000162801,0.000163756,0.000163375,0.000163624,0.000165026,0.000165594,0.000164752,0.000164117,0.000165427,0.000165846,0.000165044,0.000164785,0.000166381,0.000166335,0.000165178,0.000165892,0.000166672,0.000165971,0.000165852,0.000165991,0.000166734,0.000166334,0.0001663,0.000167386,0.000167431,0.000166498,0.000166213,0.000167236,0.00016764,0.000166398,0.000166316,0.000167422,0.000168003,0.000167538,0.000167295,0.000167095,0.000167676,0.000167932,0.0001674,0.000167403
0.000162236,0.00016317,0.000162837,0.000163098,0.000164486,0.000164982,0.000164137,0.000163543,0.000164805,0.00016532,0.000164525,0.000164331,0.000165972,0.000165875,0.000164655,0.000165364,0.000166121,0.00016539,0.000165326,0.000165429,0.000166252,0.000165777,0.000165768,0.000166839,0.000166841,0.000165974,0.000165717,0.000166757,0.000167164,0.000165846,0.00016576,0.000166992,0.000167469,0.000167049,0.000166684,0.000166511,0.000167142,0.000167466,0.000166836,0.000166938
0.000161661,0.000162761,0.000162313,0.000162545,0.000163923,0.000164395,0.000163605,0.000162956,0.000164327,0.000164801,0.000163935,0.000163687,0.000165365,0.000165329,0.000164162,0.000164831,0.000165533,0.000164919,0.000164744,0.000164884,0.000165782,0.000165238,0.00016515,0.000166333,0.000166319,0.00016537,0.000165168,0.000166145,0.000166673,0.000165234,0.000165253,0.000166432,0.000167025,0.000166474,0.000166131,0.000166059,0.000166619,0.000166861,0.000166229,0.000166392
0.000161163,0.000162106,0.000161711,0.000162068,0.000163395,0.000163941,0.000163047,,0.000163718,0.000164283,0.000163339,0.000163175,0.000164839,0.000164762,0.000163522,0.000164247,0.000165132,0.000164361,0.000164191,0.000164358,0.000165245,0.00016472,0.00016462,0.000165748,0.000165789,0.000164836,0.000164628,0.000165665,0.000166145,0.000164752,0.000164679,0.000165879,0.000166492,0.000165841,0.000165584,0.000165326,0.000166015,0.000166315,0.00016573,0.000165848
0.000160568,0.000161632,,,0.00016277,0.000163445,0.000162553,,0.000163212,0.000163794,,,0.000164302,0.000164236,,0.00016376,0.00016464,0.00016381,0.000163603,0.000163875,0.000164678,0.000164168,0.000164041,0.000165275,0.000165344,0.000164275,,0.00016507,0.000165556,,,0.00016533,0.000165896,0.000165277,0.000165028,,0.000165613,0.000165708,0.00016521,0.000165582
,0.000161066,,,0.000162251,0.000162904,,,0.00016269,0.00016329,,,0.00016382,0.000163663,,,0.000164082,,,,0.000164225,,,0.00016473,0.000164796,,,0.000164503,0.000165033,,,0.00016476,0.000165326,,,,0.000164916,0.000165197,,
,,,,,0.00016241,,,,0.000162724,,,0.000163242,,,,0.000163559,,,,0.000163631,,,0.000164254,0.000164251,,,,0.000164458,,,,0.000164837,,,,,,,
