rmp1,rmp2,rmp3,rmp4,rmp5,rmp6,rmp7,rmp8,rmp9,rmp10,rmp11,rmp12,rmp13,rmp14,rmp15,rmp16,rmp17,rmp18,rmp19,rmp20,rmp21,rmp22,rmp23,rmp24,rmp25,rmp26,rmp27,rmp28,rmp29,rmp30,rmp31,rmp32,rmp33,rmp34,rmp35,rmp36,rmp37,rmp38,rmp39
0.000160588,0.00016111,0.000161719,0.000161975,0.000162316,0.000162452,0.000162431,0.000162976,0.000162666,0.000162665,0.000163292,0.00016318,0.000163151,0.000163688,0.000163533,0.000163685,0.000163512,0.000163848,0.000163611,0.000163867,0.000163535,0.00016417,0.00016406,0.000164241,0.000164214,0.000164214,0.000164557,0.000164567,0.000164363,0.000164711,0.000164654,0.000164727,0.000164805,0.000165201,0.00016507,0.000165357,0.000165006,0.000165207,0.00016521
0.000160633,0.000160986,0.000161703,0.000162029,0.000162325,0.000162519,0.000162485,0.000162979,0.000162713,0.000162671,0.000163365,0.000163236,0.000163256,0.000163595,0.000163551,0.000163743,0.00016358,0.000163883,0.000163647,0.000163937,0.000163688,0.000164188,0.000164102,0.000164182,0.00016429,0.000164225,0.000164578,0.000164707,0.000164568,0.000164897,0.000164683,0.000164838,0.000164969,0.000165289,0.000165088,0.000165397,0.00016494,0.000165293,0.000165287
0.000160694,0.000161216,0.000161867,0.000162129,0.000162445,0.000162631,0.000162569,0.000163086,0.000162768,0.000162786,0.000163525,0.000163304,0.000163338,0.000163758,0.000163635,0.000163839,0.000163597,0.000163967,0.000163856,0.000163985,0.000163769,0.00016426,0.000164226,0.000164393,0.000164397,0.000164364,0.000164754,0.00016474,0.00016469,0.000164957,0.000164874,0.000164888,0.000165013,0.00016537,0.000165122,0.000165425,0.00016501,0.000165366,0.000165265
0.000160767,0.00016132,0.00016196,0.000162291,0.000162547,0.000162768,0.000162701,0.00016322,0.000162935,0.000162941,0.000163608,0.000163155,0.00016344,0.000163888,0.000163699,0.000163969,0.000163809,0.000163991,0.000163861,0.000164016,0.000163929,0.000164409,0.000164311,0.000164524,0.000164541,0.000164508,0.000164882,0.000164855,0.000164683,0.000165002,0.000164947,0.000165019,0.000165073,0.0001655,0.000165284,0.000165542,0.000165326,0.000165564,0.000165465
0.000160879,0.000161471,0.000162087,0.000162401,0.000162642,0.000162928,0.000162823,0.000163454,0.000162996,0.000163143,0.000163662,0.000163419,0.000163582,0.000163974,0.000163829,0.000164123,0.00016392,0.000164123,0.000163994,0.000164226,0.000163956,0.000164538,0.000164489,0.000164608,0.000164627,0.000164638,0.000164995,0.000164968,0.000164793,0.000165128,0.00016501,0.000165122,0.000165218,0.000165662,0.00016545,0.000165697,0.000165302,0.000165707,0.000165468
0.000161128,0.000161544,0.000162262,0.000162497,0.000162797,0.000163041,0.00016299,0.000163445,0.000163142,0.000163176,0.000163922,0.000163433,0.000163721,0.000164158,0.000163975,0.000164321,0.000164097,0.000164348,0.000164148,0.000164375,0.0001641,0.000164663,0.000164635,0.00016474,0.000164877,0.00016481,0.000165188,0.000165118,0.000164928,0.000165281,0.000165183,0.000165301,0.000165311,0.000165731,0.000165619,0.00016584,0.000165352,0.00016587,0.000165611
0.000161168,0.000161763,0.000162335,0.000162547,0.000163001,0.000163265,0.000163169,0.000163616,0.000163361,0.000163354,0.000164099,0.000163619,0.000163881,0.000164269,0.000164159,0.00016448,0.000164253,0.00016452,0.000164331,0.00016455,0.000164312,0.000164822,0.000164765,0.000164906,0.000164964,0.000164958,0.00016538,0.000165271,0.000165136,0.000165406,0.000165356,0.000165397,0.000165446,0.000165903,0.00016568,0.000165942,0.000165579,0.000165994,0.000165698
0.000161345,0.000161953,0.000162515,0.00016278,0.000163168,0.000163379,0.000163264,0.000163776,0.000163535,0.000163426,0.00016428,0.000163772,0.000164076,0.000164482,0.000164289,0.000164636,0.000164425,0.00016473,0.000164506,0.000164817,0.000164505,0.000165021,0.00016495,0.000165058,0.000165217,0.000165155,0.000165525,0.000165487,0.000165398,0.000165647,0.000165491,0.000165592,0.000165531,0.000166127,0.000165882,0.000166117,0.00016578,0.000166233,0.000165896
0.000161647,0.000162065,0.000162683,0.00016303,0.0001634,0.000163518,0.00016348,0.000164004,0.000163781,0.000163675,0.000164396,0.00016402,0.000164255,0.000164673,0.000164423,0.000164849,0.000164632,0.000164886,0.00016473,0.000165018,0.000164737,0.000165158,0.000165118,0.000165244,0.000165296,0.000165309,0.000165725,0.00016564,0.00016547,0.000165782,0.000165645,0.000165777,0.000165788,0.000166333,0.000166069,0.000166355,0.000166012,0.000166297,0.000166111
0.000161889,0.000162336,0.000162871,0.000163201,0.000163583,0.000163642,0.000163649,0.000164046,0.000163906,0.000163906,0.000164538,0.000164158,0.000164471,0.000164862,0.000164627,0.000164973,0.000164811,0.000165058,0.000164941,0.000165241,0.000164813,0.000165371,0.000165268,0.000165443,0.000165546,0.000165428,0.000165865,0.000165837,0.000165714,0.000165992,0.0001658,0.000165954,0.000166002,0.000166546,0.000166186,0.000166515,0.000166121,0.000166497,0.000166241
0.000162003,0.000162548,0.00016301,0.000163358,0.00016373,0.000163828,0.000163828,0.000164251,0.000164094,0.000164115,0.00016472,0.000164318,0.000164658,0.000165077,0.000164831,0.000165113,0.000164964,0.000165253,0.000165168,0.000165344,0.000165019,0.00016557,0.000165533,0.000165619,0.000165767,0.000165654,0.000165925,0.000166017,0.00016587,0.000166134,0.000166006,0.000166141,0.000166265,0.000166619,0.000166399,0.00016672,0.000166374,0.000166724,0.000166384
0.000162162,0.000162679,0.000163237,0.000163641,0.000163867,0.000164036,0.000164068,0.000164581,0.000164296,0.00016433,0.00016497,0.000164643,0.000164891,0.000165153,0.000165072,0.000165412,0.000165138,0.000165379,0.000165355,0.000165615,0.000165174,0.000165723,0.000165737,0.000165797,0.000165914,0.000165855,0.000166293,0.000166209,0.000166028,0.000166289,0.000166176,0.000166337,0.000166511,0.00016692,0.000166567,0.000166893,0.000166647,0.000166961,0.000166589
0.0001624,0.000162948,0.000163448,0.000163801,0.000164051,0.000164255,0.000164325,0.000164758,0.000164535,0.000164587,0.000165101,0.00016486,0.00016509,0.000165354,0.000165206,0.000165576,0.000165437,0.000165604,0.000165586,0.000165753,0.000165305,0.000165905,0.000165982,0.000166071,0.000166007,0.000166071,0.000166464,0.000166462,0.000166381,0.000166549,0.000166411,0.000166513,0.00016665,0.000167118,0.000166831,0.000167102,0.00016678,0.000167116,0.000166851
0.0001628,0.000163129,0.000163591,0.000164003,0.000164326,0.000164456,0.000164465,0.000164984,0.00016477,0.00016472,0.000165354,0.00016505,0.000165249,0.00016562,0.000165411,0.000165799,0.000165615,0.000165773,0.000165716,0.000165953,0.000165666,0.000166114,0.000166169,0.000166323,0.000166286,0.000166233,0.000166671,0.000166657,0.000166517,0.000166701,0.000166607,0.000166704,0.000166893,0.000167237,0.000167044,0.00016733,0.000167012,0.000167313,0.000167166
0.00016332,0.000163362,0.000163751,0.000164193,0.000164556,0.000164645,0.000164671,0.000165179,0.000164875,0.00016493,0.000165495,0.000165259,0.000165431,0.0001658,0.000165683,0.000165974,0.000165882,0.000165992,0.00016595,0.000166117,0.000165928,0.000166319,0.0001664,0.000166534,0.000166401,0.000166425,0.000166942,0.000166835,0.000166661,0.000166939,0.000166761,0.000166935,0.000167053,0.000167547,0.000167323,0.000167588,0.000167209,0.000167522,0.00016725
0.000163453,0.000163549,0.000164032,0.000164328,0.000164791,0.000164894,0.000164825,0.000165398,0.000165142,0.000165161,0.000165787,0.000165394,0.00016564,0.000166101,0.000165919,0.00016606,0.000165909,0.000166192,0.000166205,0.000166318,0.000166124,0.000166563,0.000166572,0.00016677,0.000166563,0.00016672,0.000167143,0.000167122,0.000166878,0.000167186,0.000166997,0.000167235,0.00016723,0.000167761,0.000167528,0.000167775,0.000167483,0.000167684,0.000167511
0.00016371,0.000163822,0.000164275,0.000164655,0.000164976,0.000165171,0.000165106,0.000165529,0.000165366,0.000165341,0.000165894,0.000165653,0.000165718,0.00016617,0.000166123,0.000166365,0.000166158,0.000166406,0.000166398,0.000166567,0.000166392,0.000166838,0.000166787,0.000167041,0.000166906,0.000166918,0.000167351,0.00016739,0.000167162,0.00016732,0.000167202,0.000167464,0.000167519,0.00016797,0.00016768,0.00016797,0.000167716,0.000167927,0.000167738
0.000164166,0.000164039,0.00016457,0.000164825,0.000165195,0.000165357,0.000165292,0.000165861,0.00016563,0.000165664,0.00016614,0.000165813,0.000166015,0.000166535,0.000166364,0.000166591,0.000166378,0.000166668,0.000166602,0.00016676,0.000166659,0.000167054,0.000167016,0.000167195,0.000167086,0.000167114,0.000167605,0.000167602,0.00016734,0.000167658,0.000167455,0.000167684,0.000167827,0.000168204,0.000167926,0.000168245,0.000167993,0.000168156,0.000167972
0.000164498,0.000164343,0.000164789,0.000165075,0.000165485,0.000165624,0.000165527,0.000166129,0.000165751,0.000165797,0.00016636,0.000166093,0.000166149,0.000166672,0.000166539,0.00016679,0.000166575,0.000166943,0.0001668,0.00016708,0.000166835,0.000167248,0.000167267,0.000167407,0.00016735,0.000167409,0.000167788,0.000167963,0.000167527,0.000167815,0.000167667,0.000167873,0.000168033,0.000168427,0.000168195,0.000168437,0.000168252,0.000168443,0.000168257
0.000164743,0.000164491,0.000164972,0.000165297,0.000165744,0.000165934,0.000165765,0.000166338,0.000166047,0.000166055,0.000166606,0.000166262,0.000166507,0.000166882,0.000166806,0.000167154,0.000166854,0.000167189,0.000167068,0.000167299,0.000167102,0.00016745,0.000167481,0.000167699,0.000167616,0.000167615,0.000168057,0.000168111,0.000167781,0.000168112,0.000167891,0.000168175,0.000168269,0.000168633,0.000168473,0.000168676,0.000168481,0.000168641,0.000168389
0.00016494,0.000164763,0.000165189,0.000165558,0.0001659,0.000166113,0.000166031,0.000166585,0.000166275,0.000166406,0.000166913,0.000166517,0.000166614,0.000167267,0.000167068,0.000167365,0.000167054,0.00016744,0.000167353,0.000167552,0.000167344,0.000167737,0.000167629,0.000167949,0.000168018,0.000167865,0.000168258,0.000168366,0.000168041,0.000168305,0.000168177,0.000168436,0.000168533,0.000168878,0.000168781,0.000168958,0.000168664,0.000168912,0.000168613
0.000165253,0.000164999,0.000165437,0.000165927,0.00016623,0.000166345,0.000166263,0.00016683,0.00016649,0.000166646,0.000167117,0.000166793,0.000166972,0.0001674,0.000167412,0.000167573,0.000167322,0.00016773,0.00016756,0.000167793,0.000167557,0.000167926,0.000167971,0.000168232,0.000168225,0.00016807,0.000168487,0.000168602,0.000168365,0.000168563,0.000168477,0.000168685,0.000168727,0.000169048,0.000168984,0.000169124,0.00016896,0.0001692,0.000168853
0.000165499,0.000165209,0.000165688,0.000166069,0.000166415,0.000166633,0.000166486,0.000167054,0.000166768,0.000166924,0.000167377,0.000166988,0.000167323,0.000167613,0.000167627,0.000167893,0.00016758,0.000167904,0.000167868,0.000168036,0.000167809,0.000168151,0.000168201,0.000168483,0.000168358,0.000168299,0.00016869,0.000168782,0.000168556,0.000168833,0.000168742,0.00016887,0.000168964,0.000169308,0.000169192,0.000169443,0.000169258,0.000169513,0.000169045
0.000165915,0.000165486,0.000166038,0.000166335,0.000166682,0.000166894,0.000166727,0.000167228,0.000167105,0.000167118,0.000167568,0.000167233,0.000167516,0.000167887,0.000167867,0.000168102,0.000167846,0.000168164,0.000168145,0.000168279,0.000168076,0.000168441,0.000168477,0.000168686,0.000168665,0.000168538,0.000168912,0.000169062,0.000168811,0.000169129,0.000168952,0.000169187,0.000169201,0.000169447,0.000169436,0.000169728,0.000169469,0.000169702,0.00016929
0.000166129,0.000165739,0.000166155,0.000166591,0.000166921,0.0001671,0.000166967,0.000167437,0.000167375,0.000167383,0.00016786,0.000167501,0.000167806,0.000168116,0.000168024,0.000168332,0.000168078,0.000168365,0.000168345,0.000168479,0.000168303,0.000168592,0.000168781,0.000168913,0.000168869,0.00016882,0.000169146,0.000169358,0.000169173,0.000169354,0.000169222,0.000169449,0.000169473,0.000169681,0.000169689,0.000169923,0.000169727,0.000169958,0.000169612
0.000166509,0.000165984,0.000166468,0.000166818,0.000167207,0.000167341,0.00016721,0.000167733,0.000167663,0.000167654,0.000168073,0.000167808,0.000168132,0.000168397,0.000168364,0.000168595,0.000168374,0.000168679,0.000168576,0.000168754,0.000168597,0.000168913,0.000169044,0.00016918,0.000169119,0.000169038,0.000169448,0.000169596,0.000169343,0.000169607,0.000169483,0.000169615,0.000169744,0.000170055,0.000169861,0.000170171,0.000169938,0.000170228,0.00016992
0.000166818,0.000166211,0.000166647,0.000167061,0.000167527,0.000167535,0.00016741,0.000167964,0.000167916,0.000167871,0.000168285,0.00016804,0.000168338,0.000168706,0.000168633,0.000168844,0.000168611,0.000168855,0.000168884,0.000168921,0.000168825,0.000169175,0.00016923,0.000169474,0.000169344,0.000169303,0.000169673,0.000169859,0.000169646,0.000169825,0.000169698,0.000169998,0.000169968,0.000170396,0.000170096,0.000170436,0.000170183,0.00017044,0.000170115
0.000167143,0.000166455,0.000166933,0.000167286,0.000167718,0.0001678,0.000167736,0.000168176,0.000168206,0.000168138,0.000168538,0.000168279,0.000168587,0.000168914,0.000168859,0.00016915,0.00016887,0.000169102,0.000169154,0.000169146,0.000168982,0.000169436,0.000169488,0.000169717,0.000169654,0.000169616,0.000169906,0.000170171,0.000169827,0.00017001,0.000169933,0.000170305,0.000170205,0.000170704,0.000170363,0.000170711,0.000170492,0.000170646,0.000170406
0.000167196,0.000166741,0.000167232,0.000167564,0.000168041,0.000168113,0.000167956,0.000168431,0.000168406,0.000168448,0.000168807,0.000168595,0.000168852,0.000169164,0.000169103,0.000169393,0.000169127,0.000169364,0.00016931,0.000169488,0.000169263,0.000169764,0.000169727,0.000170042,0.000169956,0.00016987,0.000170172,0.000170491,0.000170107,0.000170302,0.000170209,0.00017048,0.00017051,0.000170925,0.000170653,0.000170979,0.000170781,0.000171026,0.00017066
0.000167525,0.000167056,0.000167503,0.000167843,0.000168336,0.000168403,0.000168297,0.000168675,0.000168638,0.000168685,0.000169115,0.000168869,0.00016912,0.000169401,0.000169366,0.000169612,0.000169357,0.000169657,0.000169498,0.000169763,0.000169445,0.000170007,0.000170003,0.000170174,0.000170209,0.000170192,0.000170448,0.000170843,0.00017035,0.000170573,0.000170544,0.000170736,0.000170829,0.000171152,0.000170849,0.000171288,0.000170994,0.000171307,0.000170946
0.000167677,0.00016735,0.000167658,0.000168088,0.000168584,0.000168634,0.000168534,0.000168912,0.00016889,0.000168906,0.000169311,0.000169201,0.000169378,0.000169745,0.000169631,0.000169877,0.000169687,0.000169896,0.00016985,0.000170015,0.000169715,0.000170245,0.000170229,0.000170508,0.000170471,0.000170351,0.000170724,0.000171052,0.000170606,0.000170904,0.000170774,0.000171049,0.000171052,0.000171473,0.000171085,0.000171488,0.000171306,0.000171636,0.000171176
0.000167941,0.00016757,0.000168058,0.000168377,0.00016884,0.000168948,0.000168787,0.000169171,0.000169254,0.000169211,0.000169578,0.000169419,0.000169628,0.000169969,0.000169882,0.000170147,0.000170005,0.00017016,0.000170157,0.000170306,0.000170032,0.000170438,0.000170572,0.000170769,0.000170792,0.000170551,0.000170962,0.000171348,0.000170888,0.000171116,0.00017107,0.000171299,0.000171274,0.000171757,0.000171356,0.000171736,0.000171568,0.000171832,0.000171437
0.0001682,0.000167885,0.000168359,0.000168706,0.000169098,0.000169192,0.000168991,0.000169466,0.000169532,0.00016943,0.000169891,0.000169664,0.000169871,0.000170238,0.000170171,0.000170417,0.000170274,0.000170427,0.000170404,0.000170516,0.000170294,0.000170792,0.000170822,0.000171045,0.0001711,0.000170952,0.000171196,0.000171611,0.000171245,0.000171474,0.000171351,0.000171634,0.000171666,0.000172079,0.000171707,0.000172022,0.000171782,0.000172069,0.000171749
0.000168409,0.000168076,0.000168556,0.00016883,0.00016934,0.000169467,0.000169254,0.00016969,0.000169807,0.000169822,0.000170122,0.000169898,0.000170169,0.00017049,0.00017041,0.000170659,0.000170582,0.000170754,0.000170632,0.000170793,0.0001706,0.000171012,0.000171116,0.000171327,0.000171427,0.000171263,0.000171489,0.000171863,0.000171496,0.000171698,0.000171562,0.000171931,0.000171833,0.000172396,0.000171964,0.000172303,0.000172015,0.000172279,0.000172017
0.000168675,0.000168347,0.000168803,0.000169125,0.000169652,0.000169692,0.00016956,0.000169927,0.000170101,0.000170098,0.000170438,0.000170157,0.000170477,0.000170788,0.000170713,0.000170925,0.00017083,0.000171046,0.000170885,0.000171068,0.000170889,0.000171159,0.000171437,0.00017156,0.000171631,0.000171418,0.000171774,0.000172059,0.0001717,0.000171975,0.000171894,0.000172133,0.000172085,0.000172572,0.000172124,0.000172545,0.000172306,0.00017268,0.000172264
0.000168882,0.000168615,0.000168974,0.000169341,0.000170021,0.000170018,0.000169902,0.000170292,0.000170348,0.000170279,0.000170668,0.000170485,0.000170729,0.000171041,0.000170972,0.000171167,0.000171056,0.000171272,0.000171154,0.000171393,0.000171177,0.000171406,0.000171619,0.000171936,0.000171921,0.000171737,0.000172044,0.000172408,0.000172057,0.000172225,0.000172173,0.000172434,0.000172409,0.000172877,0.000172495,0.00017277,0.000172581,0.000173002,0.000172492
0.00016909,0.000168966,0.000169292,0.000169635,0.000170253,0.000170257,0.000170165,0.000170508,0.00017064,0.000170549,0.000171065,0.000170797,0.000171064,0.000171299,0.00017123,0.000171465,0.000171354,0.000171476,0.000171466,0.000171617,0.000171394,0.000171646,0.000171933,0.000172247,0.000172157,0.000172181,0.000172393,0.000172702,0.000172264,0.000172426,0.000172401,0.000172763,0.00017271,0.000173162,0.000172757,0.000173172,0.000172987,0.000173276,0.000172847
0.00016939,0.000169158,0.000169454,0.000169894,0.000170487,0.000170466,0.000170343,0.000170721,0.000170894,0.000170857,0.000171216,0.000171094,0.000171313,0.000171528,0.000171489,0.000171783,0.000171657,0.000171836,0.00017174,0.000171962,0.000171713,0.000171907,0.000172213,0.000172489,0.000172432,0.000172567,0.000172635,0.000172942,0.000172567,0.000172761,0.000172684,0.000173061,0.000173001,0.000173396,0.000173071,0.000173424,0.000173209,0.000173498,0.000173031
0.000169681,0.000169449,0.000169846,0.000170276,0.000170876,0.000170783,0.000170606,0.000171053,0.000171048,0.000171104,0.000171501,0.000171367,0.000171598,0.000171921,0.000171744,0.000172063,0.000171912,0.000172113,0.000171996,0.000172196,0.00017197,0.00017217,0.000172474,0.000172669,0.000172746,0.000172793,0.000172892,0.000173231,0.000172901,0.000173062,0.000173055,0.000173325,0.000173243,0.000173734,0.000173414,0.000173688,0.000173425,0.000173777,0.000173432
0.000169867,0.000169745,0.000170115,0.00017048,0.000171155,0.000171091,0.000170905,0.000171293,0.000171411,0.000171514,0.000171827,0.000171631,0.00017193,0.000172125,0.000172082,0.000172317,0.000172177,0.000172404,0.000172245,0.000172372,0.000172243,0.000172444,0.000172749,0.000173084,0.000173035,0.000172995,0.000173275,0.000173544,0.000173144,0.000173318,0.000173268,0.000173574,0.000173548,0.000173984,0.000173635,0.000174008,0.000173757,0.000174078,0.0001737
0.000170017,0.000170055,0.000170394,0.000170758,0.000171352,0.000171386,0.000171223,0.000171467,0.000171763,0.000171617,0.000172077,0.000171933,0.000172138,0.000172408,0.000172344,0.000172611,0.000172505,0.000172663,0.000172599,0.000172639,0.000172498,0.000172766,0.000173056,0.000173377,0.000173326,0.000173356,0.000173475,0.000173858,0.000173465,0.000173682,0.000173476,0.000173869,0.000173829,0.000174172,0.00017387,0.000174223,0.00017407,0.000174396,0.000173969
0.000170381,0.000170345,0.000170575,0.000171004,0.00017169,0.000171721,0.000171512,0.000171885,0.000172071,0.000172021,0.000172431,0.000172233,0.00017249,0.000172801,0.0001726,0.000172881,0.00017274,0.000172918,0.000172879,0.000172989,0.000172814,0.000173063,0.000173297,0.000173614,0.000173664,0.00017376,0.000173693,0.000174253,0.000173744,0.000173977,0.000173801,0.0001742,0.000174142,0.000174482,0.000174135,0.000174531,0.000174386,0.000174577,0.000174247
0.000170748,0.000170625,0.000170963,0.000171299,0.000172071,0.00017201,0.000171784,0.00017227,0.000172307,0.000172287,0.000172655,0.000172497,0.000172768,0.000173002,0.000172864,0.000173129,0.000173049,0.000173267,0.000173156,0.000173228,0.000173097,0.000173387,0.000173604,0.000173943,0.0001739,0.000174085,0.000174001,0.000174489,0.000174073,0.000174159,0.000174081,0.000174468,0.000174471,0.000174807,0.000174423,0.000174775,0.00017461,0.000174893,0.000174467
0.000171298,0.000170867,0.00017113,0.000171644,0.000172308,0.000172353,0.000172145,0.000172508,0.000172587,0.0001726,0.000172926,0.000172857,0.000173037,0.000173376,0.000173153,0.000173491,0.000173421,0.000173541,0.000173463,0.000173546,0.000173319,0.000173643,0.000173891,0.000174237,0.000174237,0.000174305,0.00017426,0.000174833,0.000174334,0.000174467,0.000174444,0.000174794,0.000174729,0.000175063,0.000174723,0.000175091,0.000174876,0.000175261,0.00017467
0.000171549,0.000171023,0.000171469,0.000171923,0.000172559,0.000172616,0.000172367,0.000172743,0.000172924,0.000172965,0.000173266,0.000173059,0.000173373,0.000173658,0.00017338,0.000173779,0.000173692,0.000173801,0.000173773,0.000173714,0.000173636,0.000173909,0.00017417,0.000174532,0.000174538,0.000174696,0.000174584,0.000175093,0.00017461,0.000174745,0.000174729,0.000175119,0.000175024,0.000175205,0.000174982,0.000175378,0.000175252,0.000175574,0.000175064
0.000171913,0.000171414,0.000171789,0.000172241,0.000172965,0.000172965,0.000172683,0.000173082,0.000173236,0.000173179,0.000173634,0.000173402,0.000173628,0.000173937,0.000173736,0.000174117,0.000173987,0.000174112,0.000173987,0.000174116,0.000173954,0.000174208,0.0001745,0.000174791,0.000174844,0.000175117,0.000174856,0.000175368,0.000174914,0.000174983,0.000175051,0.000175421,0.000175374,0.000175602,0.000175333,0.000175632,0.000175636,0.000175768,0.000175406
0.000172008,0.000171783,0.000172001,0.00017252,0.000173265,0.000173186,0.000172921,0.000173379,0.000173531,0.000173481,0.000173902,0.000173701,0.000173881,0.000174249,0.000174068,0.000174376,0.000174369,0.000174352,0.000174269,0.000174312,0.00017428,0.000174511,0.000174737,0.000175153,0.000175156,0.000175502,0.00017521,0.000175684,0.000175266,0.000175223,0.000175367,0.000175716,0.000175622,0.000175877,0.000175563,0.000175907,0.000175883,0.000176132,0.00017563
0.000172383,0.000172057,0.000172415,0.000172806,0.000173521,0.000173428,0.000173276,0.000173677,0.000173825,0.000173761,0.000174139,0.000174,0.000174302,0.000174479,0.000174282,0.000174644,0.00017464,0.000174617,0.000174656,0.0001747,0.000174596,0.00017476,0.000175067,0.000175379,0.000175486,0.000175768,0.000175519,0.000175958,0.000175517,0.00017555,0.000175617,0.000175976,0.00017598,0.000176168,0.000175857,0.000176274,0.000176219,0.000176422,0.000176003
0.000172566,0.000172389,0.000172746,0.000173074,0.000173923,0.000173766,0.00017354,0.000173979,0.000174084,0.000174116,0.000174496,0.00017432,0.000174601,0.000174804,0.000174613,0.000174997,0.000174996,0.000174925,0.000174934,0.00017496,0.000174914,0.000175056,0.000175412,0.000175704,0.000175789,0.000175999,0.00017581,0.000176254,0.000175801,0.000175879,0.000175845,0.000176308,0.000176273,0.000176466,0.000176203,0.000176554,0.000176447,0.000176709,0.000176292
0.000172832,0.000172695,0.000173069,0.000173422,0.000174213,0.0001741,0.000173829,0.000174297,0.000174553,0.00017441,0.000174861,0.000174576,0.000174913,0.000175104,0.000174892,0.000175272,0.000175231,0.00017526,0.000175211,0.000175259,0.000175135,0.000175445,0.000175674,0.000176004,0.00017608,0.000176466,0.000176099,0.000176691,0.000176123,0.000176198,0.000176227,0.000176664,0.00017661,0.00017676,0.000176483,0.000176887,0.000176772,0.000177074,0.000176562
0.000173211,0.00017304,0.000173373,0.000173854,0.000174493,0.000174445,0.000174199,0.000174565,0.000174855,0.000174733,0.00017508,0.000174829,0.000175251,0.000175455,0.000175216,0.000175575,0.00017558,0.000175538,0.000175578,0.000175596,0.000175538,0.0001758,0.000175948,0.000176322,0.000176397,0.000176809,0.000176456,0.000176965,0.000176467,0.000176456,0.000176498,0.00017695,0.000176809,0.000177084,0.000176795,0.00017713,0.000176988,0.000177355,0.000176841
0.000173767,0.000173253,0.00017369,0.000174135,0.00017484,0.000174751,0.000174503,0.000174888,0.000175126,0.000175111,0.000175412,0.000175248,0.000175612,0.000175777,0.000175556,0.000175897,0.000175935,0.000175861,0.000175882,0.000175895,0.000175849,0.000176112,0.000176307,0.0001767,0.000176668,0.000177146,0.000176693,0.00017734,0.00017676,0.000176818,0.000176819,0.000177297,0.000177158,0.000177365,0.000177087,0.000177451,0.000177283,0.000177777,0.0001772
0.000173216,0.00017351,0.000174048,0.000174362,0.000175231,0.000175031,0.000174786,0.000175246,0.000175469,0.000175406,0.000175761,0.000175534,0.000175906,0.0001761,0.000175922,0.00017622,0.000176229,0.000176103,0.000176142,0.000176218,0.000176158,0.000176347,0.000176591,0.000177008,0.000176982,0.000177459,0.000177032,0.00017763,0.000177126,0.000177159,0.00017716,0.000177599,0.000177541,0.000177735,0.000177392,0.000177752,0.000177748,0.000178068,0.000177586
0.000173665,0.000173783,0.000174275,0.000174763,0.000175528,0.000175397,0.000175096,0.000175555,0.000175782,0.000175803,0.000176016,0.00017584,0.00017621,0.000176416,0.000176271,0.000176519,0.000176524,0.000176515,0.000176444,0.000176526,0.000176505,0.000176696,0.000176941,0.000177328,0.000177281,0.000177717,0.000177348,0.000177953,0.000177398,0.000177444,0.000177471,0.000177913,0.000177714,0.000178032,0.000177758,0.00017812,0.00017806,0.000178381,0.000177847
0.00017436,0.000174215,0.000174631,0.000175016,0.000175828,0.000175691,0.000175323,0.00017596,0.000176085,0.000176135,0.00017637,0.000176216,0.000176551,0.000176789,0.000176606,0.000176908,0.000176836,0.000176788,0.000176786,0.000176896,0.0001769,0.000176958,0.000177206,0.000177665,0.000177659,0.00017827,0.000177641,0.00017828,0.000177669,0.000177804,0.000177848,0.000178194,0.000178083,0.00017836,0.000178037,0.000178433,0.000178395,0.000178682,0.000178192
0.000174654,0.000174556,0.000174926,0.000175337,0.000176209,0.000176054,0.000175707,0.000176151,0.000176475,0.000176406,0.000176736,0.000176466,0.000176806,0.000177108,0.000176899,0.000177228,0.000177193,0.000177118,0.000177073,0.000177261,0.000177145,0.000177397,0.000177514,0.000177978,0.000177968,0.000178599,0.000178032,0.00017867,0.000178051,0.000178063,0.000178127,0.000178542,0.000178396,0.000178678,0.000178406,0.00017869,0.000178676,0.000179006,0.000178479
0.000175049,0.000174855,0.000175253,0.000175749,0.000176533,0.000176362,0.000175991,0.000176511,0.000176826,0.00017681,0.000176989,0.000176958,0.000177196,0.000177293,0.000177282,0.000177629,0.00017753,0.000177472,0.000177344,0.000177518,0.000177514,0.000177733,0.000177808,0.000178318,0.000178244,0.000178857,0.000178283,0.000178941,0.000178357,0.000178526,0.000178441,0.000178823,0.000178722,0.000179036,0.000178688,0.000179043,0.000179062,0.000179361,0.0001788
0.000175412,0.000175141,0.000175493,0.000176081,0.000176793,0.000176662,0.000176313,0.000176838,0.000177157,0.000177147,0.000177394,0.000177355,0.000177517,0.00017775,0.000177595,0.00017792,0.000177888,0.000177753,0.000177654,0.000177822,0.000177874,0.00017801,0.000178181,0.000178648,0.000178577,0.00017916,0.000178643,0.000179408,0.00017872,0.000178795,0.000178757,0.000179199,0.000179047,0.000179476,0.00017908,0.000179353,0.000179276,0.000179649,0.000179138
0.000175731,0.00017557,0.000175825,0.000176406,0.000177133,0.000176996,0.000176699,0.000177209,0.00017738,0.000177542,0.000177741,0.000177756,0.00017786,0.000178063,0.000177859,0.000178274,0.000178194,0.000178138,0.000177964,0.000178182,0.000178153,0.000178338,0.000178451,0.000179074,0.000178929,0.000179523,0.000178959,0.000179674,0.000179057,0.000179146,0.000179052,0.000179546,0.000179341,0.000179793,0.000179411,0.000179716,0.000179618,0.00018001,0.000179506
0.000176169,0.00017593,0.000176196,0.000176791,0.00017746,0.000177338,0.000177045,0.00017755,0.000177844,0.000177844,0.000178072,0.000178078,0.000178194,0.000178395,0.000178219,0.000178598,0.000178576,0.000178469,0.000178346,0.000178469,0.000178583,0.000178623,0.000178772,0.000179345,0.000179274,0.000179902,0.000179287,0.000180052,0.000179427,0.000179549,0.000179445,0.000179913,0.000179646,0.000179996,0.000179706,0.000180186,0.000179931,0.000180323,0.00017981
0.000176267,0.000176271,0.000176532,0.000177178,0.000177825,0.000177676,0.000177344,0.000177871,0.000178119,0.000178209,0.000178375,0.000178438,0.000178558,0.00017872,0.000178602,0.00017899,0.000178839,0.00017879,0.000178747,0.000178852,0.000178757,0.000178977,0.00017913,0.000179628,0.000179625,0.000180274,0.000179646,0.000180392,0.000179754,0.000179804,0.000179769,0.000180249,0.000179983,0.00018029,0.000180089,0.000180355,0.000180296,0.000180656,0.000180177
0.000176612,0.000176569,0.00017692,0.000177503,0.000178197,0.00017805,0.000177656,0.00017822,0.000178551,0.00017852,0.000178642,0.000178762,0.000178821,0.000179123,0.000178922,0.000179295,0.000179234,0.000179135,0.000179008,0.000179189,0.000179142,0.000179334,0.000179469,0.000179969,0.000179916,0.000180525,0.000179988,0.000180702,0.000180161,0.000180106,0.000180103,0.00018052,0.000180342,0.000180642,0.000180449,0.000180743,0.000180654,0.000181024,0.00018049
0.000176897,0.000176966,0.000177243,0.000177821,0.000178546,0.000178406,0.000177985,0.000178551,0.000178885,0.00017881,0.000179027,0.000179118,0.000179218,0.000179506,0.000179197,0.000179661,0.00017952,0.000179471,0.000179378,0.000179491,0.00017944,0.000179644,0.000179816,0.000180289,0.000180292,0.000180942,0.000180344,0.000181069,0.00018037,0.00018041,0.000180463,0.000180866,0.000180735,0.000181027,0.000180773,0.000181076,0.000181033,0.000181345,0.000180848
0.000177172,0.000177275,0.000177616,0.000178209,0.000178878,0.000178766,0.000178378,0.00017891,0.000179194,0.000179153,0.000179375,0.000179491,0.00017959,0.000179807,0.000179577,0.000180016,0.000179982,0.000179884,0.000179715,0.000179925,0.000179791,0.000179979,0.000180228,0.000180753,0.000180632,0.000181328,0.000180665,0.000181485,0.000180748,0.000180812,0.000180796,0.000181238,0.000181099,0.000181513,0.000181127,0.000181487,0.000181252,0.000181695,0.000181168
0.000177499,0.000177544,0.000178,0.000178601,0.000179306,0.000179148,0.00017871,0.000179271,0.000179498,0.000179529,0.000179745,0.000179864,0.000179925,0.00018017,0.000179993,0.000180407,0.000180307,0.000180227,0.000180158,0.000180283,0.000180166,0.000180375,0.000180597,0.000181164,0.000181051,0.000180481,0.000181009,0.000181792,0.000181157,0.000181255,0.000181164,0.000181565,0.000181466,0.000181815,0.000181486,0.000181854,0.000181657,0.000182142,0.000181455
0.000177806,0.000177843,0.000178281,0.00017885,0.000179666,0.000179567,0.000179078,0.000179678,0.000179876,0.000179863,0.000180126,0.000180131,0.00018028,0.00018051,0.000180383,0.000180744,0.000180688,0.00018061,0.000180492,0.000180615,0.000180562,0.000180776,0.000180908,0.000181557,0.000181384,0.000181053,0.000181362,0.00018216,0.000181486,0.000181589,0.000181509,0.000181906,0.000181768,0.000182198,0.000181813,0.000182199,0.000182096,0.000182476,0.000181844
0.000178049,0.000178284,0.000178704,0.00017918,0.000180043,0.000179874,0.00017947,0.00018001,0.000180304,0.000180227,0.000180481,0.000180649,0.000180666,0.000180896,0.000180753,0.000181213,0.000181062,0.000180939,0.000180878,0.00018093,0.000181034,0.000181099,0.000181311,0.000181814,0.000181692,0.000180966,0.000181712,0.000182639,0.000181893,0.000181916,0.000181891,0.000182279,0.000182147,0.000182526,0.00018217,0.000182609,0.000182506,0.000182828,0.000182212
0.000178485,0.000178684,0.00017906,0.000179664,0.000180447,0.000180228,0.000179782,0.000180429,0.000180725,0.000180663,0.00018086,0.000180941,0.000181015,0.000181342,0.000181004,0.000181529,0.000181414,0.000181319,0.000181253,0.000181355,0.000181389,0.000181441,0.000181698,0.000182192,0.00018208,0.000181333,0.000182084,0.00018297,0.000182244,0.000182199,0.000182251,0.000182628,0.000182455,0.000182837,0.000182573,0.000182889,0.000182774,0.000183189,0.000182524
0.000178763,0.000179056,0.00017933,0.000180028,0.000180819,0.000180668,0.000180159,0.000180775,0.000180965,0.000181114,0.00018124,0.000181251,0.000181412,0.000181653,0.000181376,0.000181852,0.000181779,0.000181657,0.000181596,0.000181735,0.000181791,0.000181763,0.00018206,0.000182555,0.000182463,0.000181724,0.00018246,0.000183377,0.000182606,0.00018262,0.000182573,0.000183018,0.000182952,0.00018323,0.000182871,0.000183278,0.000183134,0.000183565,0.000182906
0.000178413,0.000179425,0.000179699,0.000180435,0.000181158,0.000181019,0.000180477,0.000181127,0.000181432,0.000181455,0.00018162,0.000181712,0.00018175,0.000182066,0.000181797,0.000182219,0.00018218,0.000182023,0.000181966,0.000182116,0.000182106,0.000182161,0.000182449,0.000182974,0.000182864,0.000182067,0.000182888,0.000183732,0.000182973,0.000182967,0.000182951,0.000183395,0.000183337,0.000183657,0.000183263,0.000183563,0.000183549,0.000183936,0.000183332
0.00017921,0.000179806,0.000180045,0.000180765,0.000181558,0.000181388,0.000180873,0.000181398,0.000181886,0.000181888,0.00018196,0.000182058,0.0001823,0.00018253,0.000182125,0.000182644,0.000182592,0.000182404,0.000182222,0.000182483,0.000182567,0.000182598,0.000182804,0.00018323,0.000183252,0.000182423,0.000183219,0.000184165,0.000183422,0.000183386,0.0001834,0.000183761,0.000183732,0.000183949,0.000183682,0.000183952,0.000183939,0.000184246,0.000183679
0.00017971,0.00018016,0.000180485,0.000181185,0.000181994,0.000181809,0.000181291,0.000181916,0.000182129,0.000182233,0.000182401,0.000182483,0.000182601,0.000182831,0.00018308,0.000182977,0.000182954,0.000182786,0.000182725,0.000182785,0.000182939,0.000183052,0.000183112,0.000183706,0.000183691,0.000182793,0.000183618,0.000184606,0.000183781,0.000183828,0.000183696,0.000184154,0.000184121,0.000184338,0.000184026,0.000184354,0.000184331,0.000184655,0.000184075
0.000179935,0.000180597,0.000180939,0.000181493,0.000182366,0.000182166,0.000181608,0.000182241,0.000182492,0.000182636,0.000182766,0.000182884,0.000183056,0.000183271,0.000183405,0.000183299,0.000183368,0.000183157,0.000183047,0.000183204,0.000183307,0.000183307,0.000183511,0.000184145,0.000184127,0.000183231,0.00018397,0.00018496,0.000184234,0.000184138,0.000184112,0.000184587,0.000184534,0.000184643,0.00018439,0.00018476,0.000184748,0.000184955,0.000184444
0.000180458,0.000180969,0.00018129,0.00018195,0.00018281,0.000182593,0.000181991,0.000182702,0.000182922,0.000183093,0.000183146,0.000183281,0.000183396,0.000183593,0.000183788,0.000183733,0.000183754,0.000183538,0.000183475,0.000183597,0.000183735,0.000183695,0.000183969,0.000184494,0.000184511,0.000183645,0.000184405,0.000185328,0.000184639,0.000184626,0.000184504,0.000184971,0.000184916,0.000185062,0.000184804,0.000185234,0.000185166,0.000185422,0.00018484
0.000180803,0.00018134,0.000181662,0.000182388,0.000183276,0.000182982,0.000182364,0.000182987,0.000183275,0.000183447,0.000183545,0.000183619,0.000183785,0.00018404,0.000184209,0.000184155,0.000184177,0.000183902,0.000183838,0.000184006,0.000184183,0.000184055,0.000184329,0.000184921,0.000184916,0.000183934,0.000184822,0.000185823,0.000185013,0.000184959,0.000184805,0.000185356,0.000185327,0.000185449,0.000185192,0.000185612,0.000185543,0.00018588,0.000185261
0.000181098,0.000181818,0.00018211,0.000182805,0.000183676,0.000183428,0.000182706,0.000183449,0.000183833,0.000183882,0.000183991,0.000184042,0.000184247,0.000184515,0.000184582,0.00018454,0.000184563,0.000184335,0.00018422,0.000184377,0.00018456,0.000184494,0.000184792,0.000185269,0.000185277,0.000184295,0.000185195,0.000186165,0.000185454,0.000185308,0.000185216,0.000185793,0.000185801,0.000185767,0.000185523,0.000185964,0.00018594,0.000186223,0.000185627
0.000181382,0.000182167,0.000182537,0.000183131,0.000184057,0.000183853,0.000183256,0.000183856,0.000184197,0.000184235,0.000184296,0.000184371,0.000184619,0.000184868,0.00018494,0.000185015,0.000184992,0.000184725,0.000184614,0.000184793,0.000184863,0.000184864,0.000185163,0.000185667,0.000185646,0.000184818,0.000185608,0.000186619,0.000185796,0.000185658,0.000185604,0.000186154,0.000186165,0.000186193,0.000185866,0.000186511,0.000186377,0.000186556,0.000185926
0.000181753,0.000182585,0.000182876,0.000183485,0.000184483,0.000184225,0.000183592,0.000184215,0.000184692,0.000184631,0.000184675,0.000184863,0.000185099,0.000185273,0.0001853,0.000185404,0.000185398,0.000185169,0.000185044,0.000185197,0.000185277,0.0001853,0.000185607,0.000186083,0.000186103,0.000185286,0.000185988,0.000187118,0.000186234,0.000186028,0.000186046,0.00018654,0.000186588,0.000186602,0.000186342,0.000186826,0.000186739,0.000187025,0.000186288
0.000181181,0.000182978,0.000183255,0.000183934,0.00018485,0.000184665,0.000183988,0.000184597,0.000184987,0.000185126,0.000185119,0.000185216,0.000185583,0.000185682,0.000185789,0.000185814,0.000185807,0.000185536,0.000185435,0.000185555,0.000185728,0.000185716,0.000185972,0.000186443,0.000186517,0.000185604,0.000186377,0.000187571,0.000186644,0.000186464,0.000186474,0.000186941,0.000187,0.000186997,0.000186756,0.000187238,0.000187179,0.000187436,0.000186845
0.000181425,0.000183392,0.000183673,0.000184301,0.000185309,0.000185109,0.00018435,0.000185074,0.000185423,0.000185523,0.000185498,0.000185587,0.000185936,0.000186056,0.000186239,0.000186246,0.000186276,0.000185927,0.000185888,0.000186001,0.000186134,0.000186062,0.000186341,0.000186984,0.000186873,0.00018584,0.000186785,0.000187963,0.000187012,0.000186841,0.000186877,0.000187387,0.00018741,0.000187454,0.000187092,0.000187547,0.000187611,0.000187849,0.000187247
0.000181698,0.000183819,0.00018407,0.000184763,0.000185726,0.000185454,0.000184808,0.000185503,0.000185796,0.000185877,0.000185917,0.0001861,0.000186353,0.000186493,0.000186581,0.000186655,0.000186634,0.000186247,0.000186305,0.000186369,0.000186583,0.000186486,0.000186784,0.000187357,0.000187368,0.00018632,0.000187251,0.00018838,0.000187441,0.000187251,0.00018724,0.000187833,0.000187866,0.000187877,0.000187468,0.000188097,0.000187936,0.000188208,0.000187667
0.000182106,0.000184159,0.000184585,0.000185203,0.000186161,0.000185849,0.000185206,0.000185877,0.000186182,0.000186328,0.000186305,0.000186482,0.000186776,0.000186914,0.000186936,0.000187117,0.000187074,0.000186658,0.000186697,0.000186808,0.000186995,0.000186898,0.000187177,0.000187806,0.000187797,0.00018682,0.000187628,0.000188895,0.000187872,0.000187686,0.000187695,0.00018825,0.000188271,0.000188254,0.000187873,0.000188572,0.000188393,0.000188609,0.000188058
0.000182552,0.000184661,0.000184933,0.0001856,0.000186517,0.00018631,0.000185623,0.00018625,0.00018667,0.000186747,0.000186782,0.000186845,0.000187243,0.000187356,0.000187366,0.000187503,0.000187487,0.000187101,0.000187048,0.000187242,0.000187391,0.000187173,0.00018767,0.000188324,0.000188255,0.000187291,0.000188041,0.000189243,0.000188405,0.00018819,0.000188119,0.000188715,0.000188717,0.00018868,0.000188366,0.000188897,0.000188874,0.000189027,0.000188522
0.00018292,0.000185093,0.000185439,0.000186003,0.000186987,0.000186806,0.000186046,0.000186715,0.00018707,0.000187134,0.000187148,0.000187292,0.000187656,0.000187843,0.000187806,0.000187881,0.000187908,0.000187535,0.000187465,0.000187649,0.000187748,0.000187655,0.000188097,0.000188748,0.000188658,0.000187649,0.000188455,0.000189668,0.000188727,0.000188643,0.000188425,0.000189068,0.000189115,0.000189076,0.00018875,0.000189276,0.000189236,0.000189493,0.000188814
0.000183254,0.000185522,0.000185742,0.00018646,0.000187426,0.000187232,0.000186501,0.000187119,0.000187486,0.000187618,0.000187616,0.000187784,0.000188196,0.000188183,0.000188139,0.000188366,0.000188372,0.000187915,0.000187965,0.000188106,0.000188185,0.00018806,0.000188483,0.000189225,0.000189043,0.000188183,0.0001889,0.00019007,0.000189121,0.00018907,0.000188908,0.000189432,0.000189521,0.000189477,0.000189213,0.00018967,0.000189625,0.000189859,0.000189274
0.000183689,0.000185966,0.000186252,0.000186863,0.000187887,0.000187638,0.000186865,0.000187521,0.00018796,0.000188079,0.000187945,0.000188177,0.000188578,0.000188621,0.000188599,0.00018875,0.000188832,0.000188386,0.00018839,0.000188534,0.000188647,0.0001885,0.00018888,0.000189624,0.000189509,0.000188603,0.000189314,0.00019053,0.000189614,0.000189402,0.000189377,0.000189929,0.000189938,0.000189896,0.000189669,0.000190089,0.000190095,0.000190385,0.000189754
0.00018417,0.000186426,0.000186691,0.000187317,0.000188309,0.000188111,0.000187303,0.000188006,0.000188465,0.000188508,0.000188402,0.000188675,0.000189046,0.00018902,0.00018907,0.000189175,0.000189322,0.000188832,0.000188829,0.000188883,0.000188988,0.00018903,0.000189359,0.000190074,0.000189942,0.000189205,0.000189691,0.000191025,0.000190022,0.000189852,0.00018978,0.000190349,0.000190395,0.000190291,0.000190095,0.000190545,0.000190599,0.000190819,0.000190181
0.000184759,0.000186863,0.000187132,0.000187695,0.00018876,0.000188606,0.000187735,0.000188361,0.000188871,0.000188949,0.00018889,0.00018902,0.000189511,0.00018945,0.000189493,0.000189741,0.000189727,0.00018922,0.000189235,0.000189257,0.000189507,0.000189332,0.000189822,0.000190509,0.000190355,0.000189638,0.000190076,0.00019143,0.000190531,0.000190368,0.000190257,0.000190788,0.000190791,0.0001907,0.00019047,0.000190947,0.000190956,0.000191276,0.000190534
0.000185223,0.000187236,0.00018758,0.00018811,0.000189279,0.000189015,0.000188178,0.000188867,0.0001893,0.000189415,0.000189263,0.000189482,0.000189938,0.00018993,0.000189855,0.000190157,0.000190233,0.000189675,0.000189717,0.000189753,0.000189928,0.000189851,0.000190223,0.000190933,0.000190777,0.000189996,0.000190488,0.000191932,0.000190885,0.000190796,0.000190635,0.000191282,0.000191244,0.000191116,0.000190891,0.000191453,0.0001914,0.000191666,0.000191015
0.000185634,0.000187685,0.000188034,0.000188541,0.000189732,0.000189474,0.000188557,0.00018929,0.000189692,0.000189875,0.000189746,0.000189915,0.000190428,0.000190362,0.000190265,0.000190547,0.000190607,0.000190077,0.000190083,0.0001902,0.000190344,0.000190273,0.00019063,0.000191392,0.000191264,0.00019046,0.000190927,0.000192491,0.000191283,0.000191246,0.000191121,0.000191745,0.00019169,0.000191625,0.000191343,0.000191809,0.000191872,0.000192142,0.000191455
0.000185985,0.000188187,0.000188411,0.000189044,0.00019011,0.000189945,0.000188993,0.000189649,0.000190173,0.000190293,0.000190106,0.00019037,0.000190859,0.000190755,0.000190685,0.000191025,0.000191133,0.000190506,0.000190553,0.000190662,0.000190781,0.000190676,0.00019102,0.000191808,0.000191741,0.000191023,0.000191305,0.000192771,0.000191711,0.000191672,0.000191484,0.000192158,0.000192132,0.000192061,0.000191765,0.000192276,0.000192227,0.000192551,0.000191878
0.000186556,0.000188606,0.000188826,0.000189523,0.000190649,0.000190425,0.00018942,0.000190109,0.000190551,0.000190671,0.000190586,0.000190735,0.000191258,0.000191295,0.000191113,0.000191446,0.000191552,0.000190924,0.000191006,0.000191126,0.000191244,0.000191119,0.000191491,0.00019227,0.000192164,0.00019156,0.000191796,0.00019328,0.00019217,0.000192074,0.000191891,0.000192591,0.000192472,0.000192486,0.000192208,0.000192702,0.000192767,0.000192962,0.000192339
0.000187248,0.000189081,0.000189263,0.00018993,0.000191149,0.000190843,0.00018985,0.0001906,0.000191077,0.000191148,0.000191055,0.0001912,0.000191781,0.000191756,0.00019152,0.000191908,0.000192033,0.000191391,0.000191447,0.00019155,0.00019174,0.000191572,0.000191923,0.000192653,0.000192665,0.000192136,0.000192336,0.000193737,0.000192651,0.0001925,0.0001923,0.000193039,0.000192942,0.000192897,0.00019264,0.000193137,0.000193206,0.000193403,0.000192757
0.000187778,0.000189553,0.000189705,0.000190409,0.000191568,0.000191288,0.000190292,0.000191018,0.000191483,0.000191605,0.000191466,0.000191673,0.000192246,0.000192361,0.000192015,0.000192377,0.00019248,0.000191826,0.000191897,0.000191993,0.000192151,0.000192011,0.000192393,0.00019305,0.000193135,0.000192521,0.000192755,0.000194105,0.000193066,0.000192901,0.000192776,0.000193462,0.000193337,0.000193395,0.000193074,0.000193559,0.000193557,0.000193871,0.000193206
0.000188308,0.000190026,0.000190215,0.000190866,0.000192089,0.000191808,0.000190737,0.000191458,0.000191955,0.000192054,0.000192007,0.00019219,0.000192722,0.000192772,0.000192441,0.00019288,0.000192903,0.000192301,0.000192242,0.000192447,0.000192573,0.000192422,0.000192872,0.000193541,0.000193576,0.00019301,0.000193226,0.000194642,0.000193561,0.000193244,0.000193195,0.000193974,0.000193877,0.000193868,0.000193512,0.000194043,0.000194165,0.000194353,0.000193682
0.00018883,0.000190486,0.000190648,0.000191308,0.000192534,0.000192309,0.000191196,0.000191886,0.000192503,0.000192548,0.000192434,0.000192588,0.000193179,0.000193182,0.000192996,0.000193317,0.000193386,0.000192716,0.000192749,0.000192881,0.000193018,0.0001929,0.000193293,0.000193978,0.000194073,0.000193549,0.000193601,0.000195117,0.00019406,0.000193722,0.000193642,0.000194431,0.000194285,0.000194295,0.000193972,0.000194491,0.00019464,0.000194822,0.000194197
0.000189467,0.000190978,0.000191136,0.000191769,0.00019308,0.00019274,0.000191672,0.000192407,0.000192999,0.000192926,0.000192878,0.000193019,0.000193701,0.000193607,0.00019337,0.000193765,0.000193828,0.000193163,0.000193215,0.000193357,0.000193518,0.000193303,0.000193767,0.000194461,0.000194499,0.000194037,0.000194174,0.000195546,0.000194585,0.000194121,0.000194089,0.00019493,0.000194655,0.000194811,0.000194461,0.000194962,0.000195069,0.000195243,0.000194618
0.000190123,0.000191396,0.000191581,0.000192237,0.000193531,0.00019318,0.000192186,0.00019283,0.00019343,0.000193389,0.000193356,0.00019349,0.000194133,0.000194151,0.000193857,0.000194289,0.000194251,0.000193656,0.000193732,0.000193804,0.000193966,0.000193748,0.000194279,0.000195001,0.000195046,0.000194487,0.000194558,0.000196114,0.000194959,0.000194538,0.000194539,0.000195362,0.00019517,0.00019523,0.000194854,0.000195454,0.000195517,0.000195731,0.000195061
0.000190508,0.00019193,0.000192025,0.000192738,0.000194083,0.000193683,0.000192618,0.000193297,0.000194093,0.000193911,0.000193764,0.00019401,0.000194671,0.00019468,0.000194332,0.000194689,0.000194756,0.000194063,0.000194159,0.000194289,0.000194467,0.00019421,0.000194728,0.000195424,0.000195435,0.000194875,0.000195049,0.000196519,0.000195403,0.000195042,0.000195062,0.00019579,0.00019563,0.000195685,0.000195358,0.000195885,0.000195966,0.000196222,0.000195439
0.000191055,0.000192373,0.000192499,0.000193191,0.00019451,0.00019412,0.000193062,0.000193794,0.000194616,0.000194336,0.000194167,0.000194507,0.000195124,0.000194955,0.000194735,0.000195154,0.00019529,0.000194542,0.000194621,0.000194744,0.000194956,0.000194716,0.000195093,0.000195839,0.000195923,0.000195455,0.000195498,0.000197075,0.000195869,0.000195495,0.000195502,0.000196256,0.000196095,0.000196113,0.000195834,0.000196279,0.000196447,0.000196606,0.000195891
0.000191546,0.000192888,0.000192972,0.000193668,0.000195011,0.000194643,0.000193511,0.000194159,0.00019504,0.000194852,0.000194784,0.000194952,0.000195518,0.000195306,0.000195174,0.000195707,0.000195734,0.000195014,0.00019511,0.000195263,0.000195363,0.000195219,0.000195623,0.00019632,0.000196418,0.000196133,0.000195932,0.000197652,0.000196318,0.000195978,0.000195952,0.000196744,0.000196562,0.000196635,0.000196307,0.000196769,0.000196995,0.000197138,0.000196396
0.000192188,0.000193333,0.000193406,0.000194191,0.000195538,0.000195075,0.000193948,0.000194665,0.000195581,0.000195265,0.000195232,0.0001954,0.000196104,0.00019579,0.00019566,0.000196224,0.000196237,0.000195498,0.000195565,0.000195738,0.000195865,0.000195618,0.000196152,0.000196789,0.000196873,0.000196563,0.000196432,0.000198034,0.000196817,0.000196455,0.000196417,0.000197205,0.000197029,0.000197043,0.000196821,0.00019728,0.000197417,0.000197558,0.000196856
0.000192601,0.000193816,0.000193836,0.000194636,0.00019603,0.000195645,0.00019444,0.000195145,0.000196044,0.000195696,0.000195705,0.000195913,0.000196565,0.000196423,0.000196173,0.000196671,0.000196637,0.000196001,0.000196019,0.000196202,0.000196361,0.000196025,0.000196658,0.000197378,0.000197321,0.000196987,0.000196906,0.000198551,0.000197263,0.000196948,0.000196892,0.000197667,0.000197478,0.000197578,0.000197301,0.000197742,0.000197929,0.00019806,0.000197269
0.000193188,0.000194275,0.000194354,0.000195175,0.000196476,0.000196105,0.000194921,0.000195651,0.000196563,0.000196154,0.000196133,0.000196321,0.000197093,0.000196806,0.000196592,0.000197084,0.000197171,0.000196449,0.000196479,0.000196593,0.000196817,0.000196441,0.000197139,0.000197733,0.000197843,0.000197384,0.000197387,0.000199005,0.000197766,0.000197473,0.000197386,0.00019809,0.000197968,0.000198046,0.000197745,0.000198243,0.000198415,0.000198479,0.000197805
0.000193703,0.000194742,0.000194875,0.000195615,0.000197009,0.000196655,0.000195365,0.00019613,0.000196958,0.000196603,0.000196635,0.000196814,0.000197572,0.000197007,0.000197126,0.000197618,0.000197684,0.000196857,0.000196919,0.000197137,0.000197361,0.000196927,0.000197552,0.000198172,0.000198353,0.000197969,0.00019786,0.000199457,0.000198319,0.000197991,0.00019791,0.000198594,0.000198471,0.000198578,0.000198212,0.000198713,0.000198925,0.00019899,0.000198251
0.000194243,0.000195254,0.00019533,0.000196116,0.000197416,0.000197151,0.000195895,0.000196683,0.000197534,0.000197101,0.000197173,0.000197307,0.000198025,0.00019759,0.000197611,0.000198095,0.00019806,0.000197387,0.000197377,0.000197663,0.000197794,0.000197421,0.000198011,0.000198667,0.000198764,0.000198549,0.000198412,0.000199975,0.000198747,0.000198467,0.000198351,0.000199053,0.000198967,0.000199006,0.00019866,0.000199252,0.000199412,0.000199465,0.000198676
0.000194843,0.00019574,0.000195861,0.000196601,0.000197966,0.00019765,0.000196438,0.000197162,0.000198056,0.000197704,0.000197645,0.00019769,0.0001986,0.000198048,0.000198083,0.000198598,0.000198582,0.0001979,0.000197844,0.000198115,0.000198288,0.000197964,0.000198529,0.000199242,0.000199283,0.000199004,0.000198873,0.000200448,0.000199177,0.000199,0.000198816,0.000199517,0.000199464,0.000199448,0.000199118,0.000199744,0.000199741,0.000199947,0.000199241
0.000195315,0.000196221,0.000196393,0.000197118,0.000198416,0.000198181,0.000196866,0.000197522,0.000198506,0.000198088,0.000198204,0.000198215,0.000199093,0.000198533,0.00019851,0.000199109,0.000199112,0.000198401,0.000198349,0.000198596,0.000198697,0.000198423,0.000199021,0.000199693,0.000199795,0.000199408,0.000199312,0.000200931,0.000199751,0.000199495,0.000199346,0.00020001,0.000199989,0.000199973,0.000199627,0.000200204,0.000200309,0.000200434,0.000199714
0.000195633,0.000196721,0.000196849,0.000197652,0.000198987,0.000198658,0.00019736,0.000198008,0.000198977,0.000198619,0.000198687,0.000198742,0.00019954,0.000199011,0.000199023,0.000199565,0.000199651,0.000198896,0.000198839,0.000199102,0.000199239,0.00019892,0.000199558,0.000200226,0.000200318,0.000199989,0.000199817,0.000201515,0.000200244,0.000199933,0.000199774,0.000200455,0.000200476,0.000200472,0.000200052,0.000200642,0.000200875,0.000200946,0.00020019
0.000196023,0.000197199,0.000197395,0.000198195,0.000199527,0.00019918,0.000197843,0.000198485,0.000199504,0.000199138,0.000199037,0.00019923,0.000200068,0.000199383,0.000199438,0.000200131,0.000200188,0.000199341,0.000199311,0.000199643,0.00019971,0.000199406,0.000200069,0.000200799,0.000200729,0.000200577,0.000200308,0.000201996,0.000200668,0.000200399,0.000200252,0.000200949,0.000200984,0.000200941,0.00020056,0.00020111,0.000201372,0.000201417,0.000200653
0.000196515,0.000197683,0.00019788,0.00019871,0.000200043,0.000199778,0.000198338,0.000198969,0.000199989,0.000199709,0.000199513,0.000199661,0.000200482,0.00019998,0.000199916,0.000200499,0.000200688,0.000199798,0.000199813,0.000200085,0.000200193,0.000199889,0.000200444,0.000201278,0.000201237,0.000201049,0.000200845,0.000202573,0.000201169,0.000200823,0.000200695,0.00020145,0.00020145,0.00020142,0.000201014,0.00020165,0.000201913,0.000201953,0.000201078
0.000196942,0.000198247,0.000198324,0.000199153,0.000200596,0.000200284,0.000198761,0.000199448,0.000200408,0.000200204,0.000200041,0.000200195,0.000201058,0.000200512,0.000200391,0.000201037,0.000201167,0.000200287,0.000200279,0.000200595,0.000200714,0.000200425,0.000201023,0.00020175,0.000201765,0.00020148,0.000201317,0.000203017,0.000201676,0.000201384,0.000201283,0.000201966,0.000201971,0.000201922,0.000201624,0.000202099,0.000202388,0.0002024,0.00020162
0.000197429,0.000198726,0.000198843,0.00019965,0.000201059,0.000200789,0.000199273,0.000199936,0.000200946,0.000200689,0.000200606,0.000200643,0.000201572,0.000200862,0.000200803,0.000201553,0.00020167,0.000200788,0.000200796,0.000201001,0.000201215,0.000200818,0.000201549,0.000202188,0.000202258,0.000201948,0.000201736,0.00020359,0.000202064,0.000201812,0.000201733,0.000202438,0.000202466,0.000202399,0.000202064,0.00020257,0.000202724,0.000202853,0.000202053
0.000197961,0.00019927,0.000199335,0.000200185,0.000201608,0.000201277,0.000199722,0.000200478,0.000201575,0.00020121,0.000201094,0.000201213,0.000202128,0.000201201,0.000201354,0.000202025,0.000202183,0.000201229,0.000201262,0.000201509,0.000201725,0.00020135,0.000202017,0.000202704,0.000202841,0.000202494,0.000202268,0.000204238,0.000202536,0.000202264,0.000202279,0.000202828,0.000202978,0.00020288,0.000202497,0.000203074,0.000203301,0.000203414,0.000202519
0.000198394,0.000199704,0.000199786,0.000200681,0.000202129,0.000201806,0.000200186,0.000200979,0.000202089,0.00020171,0.00020162,0.000201688,0.000202648,0.000201755,0.000201813,0.000202506,0.000202616,0.000201722,0.000201778,0.000202049,0.000202201,0.000201798,0.000202545,0.00020321,0.000203379,0.000203012,0.000202747,0.000204716,0.000203133,0.000202819,0.000202718,0.000203441,0.000203461,0.000203383,0.00020299,0.000203578,0.000203937,0.000203908,0.000202983
0.000198804,0.000200226,0.000200293,0.000201155,0.000202748,0.000202264,0.000200763,0.000201452,0.000202636,0.000202193,0.000202067,0.000202183,0.000203112,0.00020235,0.000202356,0.000202994,0.000203214,0.000202206,0.000202193,0.000202603,0.000202646,0.000202268,0.000203067,0.000203681,0.000203831,0.000203538,0.000203343,0.00020521,0.000203552,0.000203268,0.000203177,0.000203956,0.000203917,0.000203886,0.000203514,0.000204111,0.00020439,0.000204408,0.000203484
0.000199282,0.000200696,0.000200893,0.00020163,0.000203231,0.000202803,0.000201279,0.000201841,0.000203113,0.000202737,0.000202515,0.000202666,0.000203544,0.000202776,0.00020292,0.000203473,0.000203683,0.000202749,0.000202739,0.00020311,0.000203145,0.000202792,0.000203577,0.000204229,0.000204302,0.000203997,0.000203781,0.000205675,0.000204051,0.000203739,0.000203668,0.000204444,0.000204386,0.000204444,0.000203997,0.000204561,0.000204867,0.000204865,0.000204011
0.000199794,0.000201211,0.000201326,0.000202143,0.00020366,0.000203336,0.00020176,0.000202444,0.000203571,0.000203265,0.00020308,0.000203216,0.00020416,0.000203185,0.000203285,0.000203966,0.000204224,0.000203255,0.000203209,0.000203579,0.00020365,0.000203234,0.000204019,0.000204748,0.000204827,0.000204434,0.000204309,0.000206228,0.000204653,0.000204311,0.000204263,0.000204922,0.000204952,0.000204857,0.000204491,0.000205083,0.00020539,0.000205441,0.000204529
0.000200142,0.00020175,0.000201783,0.000202677,0.000204177,0.000203866,0.000202285,0.000202915,0.000204175,0.000203852,0.000203575,0.000203722,0.000204608,0.000203614,0.000203728,0.000204435,0.000204704,0.000203698,0.000203711,0.000204065,0.000204123,0.000203777,0.000204666,0.000205216,0.000205334,0.000205025,0.000204749,0.000206653,0.000205091,0.000204795,0.000204729,0.000205447,0.000205469,0.000205365,0.000204978,0.000205603,0.000205782,0.00020593,0.000205097
0.000200667,0.000202223,0.000202333,0.000203197,0.000204776,0.000204386,0.000202707,0.000203485,0.000204627,0.000204358,0.000204071,0.000204206,0.000205218,0.000204339,0.000204233,0.000204987,0.000205195,0.000204196,0.000204206,0.000204595,0.000204668,0.000204257,0.00020516,0.000205755,0.000205836,0.000205483,0.000205264,0.000207236,0.000205644,0.000205263,0.000205225,0.000205959,0.000205959,0.000205883,0.000205449,0.000206094,0.000206311,0.000206456,0.000205611
0.000201159,0.000202726,0.000202833,0.000203763,0.000205287,0.000204937,0.000203138,0.000203947,0.000205113,0.000204866,0.000204651,0.00020469,0.00020567,0.000204713,0.000204756,0.00020548,0.000205724,0.000204715,0.000204652,0.000205136,0.00020518,0.000204738,0.000205585,0.000206267,0.000206376,0.000206022,0.000205701,0.000207697,0.000206113,0.000205754,0.000205688,0.000206433,0.000206499,0.000206447,0.000205919,0.000206651,0.000206917,0.000206964,0.000206079
0.000201595,0.000203365,0.000203296,0.000204263,0.000205854,0.000205479,0.000203665,0.000204423,0.000205699,0.000205446,0.00020505,0.000205236,0.000206186,0.000205154,0.000205302,0.000206037,0.000206164,0.000205156,0.000205266,0.000205629,0.000205675,0.000205245,0.00020611,0.000206773,0.000206846,0.000206441,0.000206254,0.000208231,0.000206598,0.000206267,0.000206212,0.000206976,0.000206992,0.000206983,0.000206499,0.000207076,0.000207397,0.000207435,0.000206621
0.00020214,0.000203827,0.000203935,0.000204722,0.000206373,0.000205987,0.000204223,0.00020491,0.000206195,0.000205922,0.000205522,0.000205827,0.000206733,0.000205624,0.000205824,0.00020655,0.000206738,0.00020565,0.000205783,0.000206121,0.000206284,0.000205753,0.000206569,0.000207301,0.000207484,0.000206969,0.000206818,0.00020875,0.000207161,0.000206757,0.000206684,0.000207398,0.000207546,0.000207425,0.000206957,0.000207676,0.000207902,0.00020792,0.000207107
0.000202585,0.000204285,0.000204364,0.000205326,0.000206893,0.000206416,0.000204683,0.000205428,0.000206784,0.000206468,0.00020607,0.000206374,0.000207252,0.000206206,0.000206321,0.000207064,0.000207416,0.000206211,0.00020625,0.000206631,0.000206716,0.000206258,0.000207115,0.000207863,0.000207924,0.000207446,0.000207346,0.000209298,0.000207622,0.000207276,0.000207218,0.00020803,0.000207999,0.000207861,0.000207616,0.00020836,0.000208435,0.000208454,0.000207643
0.000203192,0.000204755,0.000204915,0.000205814,0.000207436,0.000206909,0.000205212,0.00020599,0.000207325,0.000207001,0.000206618,0.000206864,0.000207806,0.00020673,0.000206789,0.000207605,0.000207855,0.000206719,0.000206743,0.00020711,0.000207133,0.000206793,0.000207608,0.00020837,0.000208534,0.000207915,0.000207875,0.000209917,0.000208236,0.000207741,0.000207745,0.000208525,0.000208521,0.000208447,0.000208094,0.00020879,0.000208981,0.000209015,0.000208159
0.000203682,0.000205283,0.000205434,0.00020634,0.00020796,0.000207527,0.000205788,0.000206508,0.000207846,0.000207493,0.000207074,0.000207311,0.00020832,0.000207123,0.000207353,0.000208135,0.000208406,0.000207252,0.00020728,0.000207606,0.00020774,0.000207287,0.000208129,0.000209039,0.000208989,0.000208467,0.000208368,0.000210428,0.000208791,0.000208316,0.000208236,0.000209104,0.000209061,0.000208886,0.000208613,0.000209232,0.000209414,0.000209489,0.000208697
0.000204099,0.000205805,0.00020595,0.000206938,0.000208508,0.000208096,0.000206197,0.000207049,0.00020846,0.000208078,0.00020754,0.000207833,0.000208807,0.000207559,0.000207768,0.000208679,0.000208862,0.0002077,0.000207788,0.000208129,0.000208293,0.000207844,0.000208734,0.0002096,0.000209596,0.000208916,0.000208851,0.000211012,0.000209276,0.000208834,0.000208775,0.000209641,0.000209561,0.000209498,0.00020914,0.000209841,0.000209998,0.000210021,0.000209177
0.000204606,0.000206341,0.00020647,0.000207456,0.000209057,0.000208592,0.000206819,0.000207664,0.000208943,0.000208663,0.000208186,0.000208439,0.000209355,0.000208172,0.000208248,0.000209227,0.000209401,0.000208221,0.000208239,0.000208619,0.000208742,0.000208312,0.000209223,0.000210144,0.000210016,0.0002094,0.000209369,0.000211487,0.000209798,0.00020936,0.000209398,0.000210163,0.000210101,0.000209996,0.000209662,0.000210313,0.000210441,0.0002105,0.000209729
0.000205104,0.000206913,0.00020695,0.000208031,0.000209548,0.000209153,0.000207329,0.00020814,0.000209493,0.000209148,0.000208731,0.000208996,0.000209916,0.00020872,0.000208741,0.000209746,0.000209989,0.000208767,0.000208704,0.000209217,0.00020927,0.000208826,0.000209727,0.000210677,0.0002106,0.000209906,0.00020999,0.000212035,0.000210267,0.000209836,0.000209848,0.00021068,0.000210578,0.000210517,0.000210209,0.000210884,0.000211039,0.000211066,0.000210182
0.000205685,0.000207411,0.00020747,0.000208535,0.000210152,0.000209639,0.000207804,0.000208588,0.000210036,0.000209774,0.000209204,0.000209563,0.000210537,0.000209221,0.000209257,0.000210251,0.000210491,0.000209271,0.000209313,0.000209781,0.000209744,0.000209334,0.000210294,0.000211222,0.000211147,0.000210522,0.000210458,0.000212647,0.000210877,0.000210414,0.000210414,0.000211221,0.000211064,0.000211061,0.000210694,0.00021128,0.000211622,0.000211585,0.00021075
0.000206273,0.000208014,0.000208072,0.000209088,0.00021074,0.000210202,0.000208317,0.000209208,0.000210655,0.000210258,0.000209723,0.000210054,0.000211072,0.000209681,0.000209881,0.000210831,0.000211028,0.000209786,0.000209849,0.000210263,0.000210262,0.000209912,0.000210811,0.000211762,0.000211655,0.000210927,0.000210932,0.000213157,0.000211388,0.000210868,0.000210909,0.000211838,0.000211637,0.000211598,0.000211103,0.00021192,0.000212087,0.000212078,0.000211247
0.000206776,0.000208504,0.000208595,0.000209587,0.000211275,0.000210797,0.000208771,0.000209762,0.000211158,0.000210734,0.000210209,0.000210677,0.00021163,0.000210192,0.000210496,0.000211463,0.000211663,0.000210359,0.000210361,0.000210831,0.000210839,0.00021044,0.000211414,0.000212336,0.000212212,0.00021148,0.000211429,0.000213665,0.000212095,0.000211467,0.000211432,0.000212324,0.000212223,0.000212171,0.000211703,0.000212402,0.000212591,0.000212632,0.000211753
0.00020723,0.000209025,0.000209213,0.000210238,0.000211808,0.00021134,0.000209427,0.000210285,0.000211635,0.000211376,0.00021072,0.000211225,0.000212221,0.000210722,0.00021091,0.000211968,0.000212149,0.000210861,0.000210884,0.00021132,0.000211344,0.000210942,0.000212007,0.000212777,0.000212721,0.000211843,0.000212021,0.000214278,0.000212554,0.000212019,0.000211989,0.000212906,0.000212826,0.000212634,0.000212281,0.00021293,0.000213235,0.000213145,0.000212238
0.000207871,0.000209539,0.000209712,0.000210713,0.000212476,0.00021187,0.000209928,0.000210788,0.000212194,0.000211919,0.000211263,0.000211785,0.000212856,0.000211241,0.000211398,0.00021257,0.00021269,0.000211402,0.00021144,0.000211877,0.000211864,0.000211479,0.000212528,0.000213359,0.000213238,0.000212356,0.000212588,0.000214931,0.000213131,0.000212514,0.000212527,0.000213466,0.000213332,0.000213142,0.000212763,0.000213496,0.000213702,0.000213677,0.00021283
0.000208571,0.000210123,0.00021019,0.000211312,0.000213036,0.000212514,0.000210582,0.000211343,0.000212735,0.000212431,0.000211816,0.000212284,0.000213367,0.000211794,0.000211894,0.000213116,0.000213249,0.000211896,0.000211948,0.000212494,0.000212461,0.000212032,0.000213065,0.000213959,0.0002138,0.000212916,0.000213071,0.000215395,0.000213636,0.000212975,0.00021314,0.000213974,0.000213963,0.000213647,0.000213187,0.000214056,0.000214188,0.000214256,0.000213373
0.000209025,0.000210655,0.000210743,0.000211822,0.000213673,0.000213061,0.000211123,0.000211783,0.000213363,0.000213006,0.000212373,0.000212876,0.000213892,0.000212328,0.000212434,0.000213629,0.000213755,0.000212473,0.000212493,0.000213078,0.000213011,0.000212566,0.000213553,0.00021457,0.000214394,0.000213457,0.000213691,0.000216063,0.000214206,0.000213595,0.00021362,0.000214518,0.000214519,0.000214257,0.000213901,0.000214691,0.000214702,0.000214823,0.000213849
0.000209613,0.000211229,0.000211294,0.000212439,0.000214221,0.000213586,0.000211639,0.000212322,0.000213923,0.000213554,0.000212832,0.0002135,0.000214412,0.000212783,0.000212973,0.000214184,0.000214228,0.000212994,0.000213072,0.00021355,0.000213588,0.00021314,0.000214088,0.000215143,0.000214878,0.000213969,0.000214208,0.000216513,0.000214796,0.000214142,0.000214138,0.00021506,0.000214991,0.000214707,0.000214224,0.000215238,0.000215305,0.000215383,0.000214321
0.000210183,0.000211786,0.000211821,0.000212956,0.000214753,0.000214229,0.000212142,0.000212984,0.00021447,0.000214132,0.000213366,0.00021408,0.000214955,0.000213431,0.000213464,0.000214788,0.000214805,0.000213496,0.000213534,0.000214131,0.000214115,0.000213652,0.000214681,0.000215727,0.000215498,0.00021453,0.000214836,0.000217139,0.000215302,0.000214728,0.000214635,0.000215587,0.000215483,0.000215229,0.00021487,0.000215718,0.000215914,0.000215916,0.000214942
0.0002107,0.000212285,0.000212307,0.000213532,0.000215335,0.000214846,0.00021274,0.000213586,0.000215032,0.000214678,0.000214084,0.000214595,0.000215546,0.000213965,0.000214009,0.000215318,0.000215398,0.000214115,0.000214085,0.000214697,0.000214683,0.000214176,0.000215192,0.000216187,0.000216107,0.000215135,0.000215314,0.000217729,0.000215959,0.000215199,0.00021521,0.000216133,0.000216046,0.000215876,0.000215432,0.00021622,0.000216427,0.000216484,0.000215523
0.000211299,0.000212848,0.000212914,0.000214023,0.000215941,0.000215421,0.000213293,0.000214138,0.000215633,0.000215281,0.000214618,0.000215254,0.000216188,0.000214531,0.000214609,0.000215852,0.00021593,0.000214612,0.00021472,0.000215272,0.000215244,0.000214716,0.000215784,0.000216724,0.000216672,0.000215644,0.000215821,0.000218407,0.000216468,0.000215764,0.000215712,0.000216739,0.000216584,0.000216457,0.000216016,0.000216739,0.000217023,0.000217006,0.000216083
0.000211851,0.000213482,0.000213485,0.000214748,0.000216521,0.000216103,0.000213856,0.000214721,0.000216218,0.000215899,0.000215164,0.00021576,0.000216676,0.000214986,0.000215205,0.000216393,0.000216579,0.000215211,0.000215312,0.000215831,0.000215794,0.000215243,0.000216367,0.000217461,0.000217149,0.000216196,0.000216397,0.000218852,0.000217101,0.000216272,0.0002163,0.000217351,0.000217149,0.000217012,0.00021655,0.00021734,0.0002176,0.000217581,0.000216626
0.000212495,0.000213998,0.000214028,0.000215192,0.000217138,0.000216671,0.000214386,0.000215252,0.000216788,0.0002164,0.000215725,0.000216369,0.00021732,0.000215529,0.000215739,0.000216971,0.000216976,0.000215746,0.000215865,0.000216395,0.000216327,0.00021575,0.000216861,0.000217967,0.000217699,0.000216758,0.000216978,0.000219481,0.000217678,0.000216853,0.000216926,0.000217794,0.000217748,0.000217494,0.000217092,0.00021782,0.00021812,0.000218113,0.000217221
0.000213158,0.00021457,0.00021472,0.000215899,0.000217656,0.000217194,0.000214918,0.000215844,0.000217399,0.00021698,0.000216264,0.000216895,0.000217946,0.000216128,0.000216274,0.00021764,0.000217656,0.000216285,0.000216421,0.000216972,0.000216903,0.00021631,0.000217498,0.000218543,0.00021833,0.000217259,0.00021754,0.000220107,0.000218115,0.000217358,0.000217474,0.000218467,0.000218368,0.000217998,0.000217661,0.00021841,0.000218711,0.000218666,0.000217722
0.00021382,0.000215214,0.000215303,0.00021644,0.000218352,0.000217666,0.000215545,0.000216493,0.000217928,0.000217597,0.000216831,0.000217434,0.000218493,0.000216632,0.000216844,0.000218219,0.000218208,0.000216873,0.000216964,0.000217507,0.000217544,0.000216878,0.000217976,0.00021908,0.000218966,0.000217814,0.000218056,0.000220686,0.000218759,0.000217959,0.000217959,0.000219062,0.000218991,0.00021856,0.0002182,0.000218932,0.00021912,0.000219165,0.000218256
0.000214374,0.000215765,0.000215931,0.000216921,0.00021901,0.000218293,0.000216094,0.00021699,0.000218557,0.000218185,0.000217365,0.00021806,0.000219103,0.000217206,0.000217344,0.000218798,0.000218842,0.000217461,0.000217598,0.000217993,0.000218069,0.000217465,0.000218582,0.000219625,0.000219544,0.000218269,0.000218587,0.000221413,0.000219305,0.000218512,0.000218597,0.000219563,0.000219645,0.000219064,0.00021884,0.000219568,0.000219822,0.000219721,0.000218846
0.00021495,0.000216417,0.00021642,0.000217532,0.000219542,0.000218921,0.000216656,0.000217648,0.000219249,0.000218736,0.000217978,0.000218667,0.000219663,0.00021774,0.000217895,0.000219397,0.000219393,0.000218012,0.000218089,0.000218714,0.000218642,0.000218054,0.000219218,0.00022032,0.000220086,0.000218939,0.000219187,0.000221982,0.000219848,0.000219162,0.000219091,0.000220161,0.000220113,0.00021972,0.000219377,0.000220107,0.00022031,0.000220368,0.000219415
0.000215525,0.000216933,0.000217116,0.000218103,0.000220145,0.000219523,0.000217263,0.000218165,0.000219728,0.000219386,0.000218511,0.000219218,0.000220247,0.000218265,0.000218466,0.000220018,0.000220067,0.000218596,0.000218642,0.000219274,0.000219125,0.00021863,0.000219811,0.000220872,0.000220646,0.000219442,0.000219847,0.000222549,0.000220384,0.000219655,0.000219677,0.000220708,0.000220635,0.000220277,0.000219979,0.000220649,0.000220898,0.000220968,0.000220005
0.000216098,0.000217524,0.000217621,0.000218626,0.000220791,0.000220195,0.000217762,0.000218719,0.000220286,0.00021993,0.00021911,0.000219779,0.000220981,0.000218903,0.000219061,0.00022059,0.000220784,0.000219158,0.000219148,0.000219817,0.000219755,0.000219117,0.000220399,0.000221445,0.000221282,0.000219891,0.000220331,0.000223218,0.000220941,0.00022017,0.00022025,0.000221278,0.00022129,0.000220877,0.000220534,0.000221235,0.000221478,0.000221532,0.00022053
0.000216843,0.0002181,0.000218196,0.000219172,0.000221395,0.000220786,0.000218293,0.000219335,0.000220876,0.000220565,0.000219641,0.000220353,0.000221614,0.000219493,0.000219695,0.00022114,0.000221337,0.000219658,0.000219649,0.000220344,0.00022026,0.000219702,0.000221034,0.000222084,0.000221863,0.000220397,0.000220813,0.000223767,0.00022158,0.000220794,0.000220759,0.000221896,0.000221839,0.00022149,0.000221081,0.000221779,0.000222127,0.000222108,0.00022113
0.000217786,0.000218723,0.000218735,0.000219659,0.000221991,0.00022143,0.000218888,0.000219887,0.000221448,0.000221166,0.000220268,0.000220977,0.000222167,0.00022009,0.000220279,0.00022177,0.000221866,0.000220263,0.000220301,0.000220956,0.000220836,0.000220237,0.000221618,0.000222698,0.00022243,0.000220978,0.000221365,0.000224394,0.00022219,0.000221386,0.000221379,0.000222501,0.000222433,0.000222047,0.000221626,0.000222446,0.000222708,0.000222674,0.000221638
0.000218425,0.000219365,0.000219383,0.000220336,0.000222555,0.000221973,0.000219405,0.000220502,0.000222073,0.000221701,0.000220805,0.000221628,0.00022267,0.000220715,0.000220893,0.000222356,0.000222502,0.000220809,0.000220838,0.000221539,0.000221483,0.000220763,0.000222144,0.000223275,0.000223,0.00022157,0.000221954,0.00022503,0.000222738,0.000221941,0.000221894,0.000223152,0.000223051,0.00022257,0.000222253,0.000223061,0.000223394,0.000223204,0.000222197
0.000218993,0.000220025,0.000219986,0.000220983,0.000223263,0.000222526,0.000219973,0.000221021,0.000222798,0.000222267,0.000221413,0.000222315,0.000223378,0.0002213,0.000221369,0.000222896,0.000223044,0.000221366,0.000221408,0.000222096,0.000221971,0.000221308,0.000222782,0.000223849,0.000223599,0.000222145,0.000222451,0.000225628,0.000223345,0.000222489,0.000222476,0.000223671,0.000223702,0.000223164,0.000222801,0.000223602,0.000223947,0.000223801,0.000222704
0.000219785,0.000220618,0.000220641,0.000221468,0.000223803,0.000223162,0.000220573,0.000221618,0.000223425,0.000222917,0.000222044,0.000222927,0.000223966,0.000221816,0.000222035,0.000223493,0.000223731,0.000222026,0.000221966,0.000222743,0.000222619,0.000221974,0.000223385,0.000224411,0.000224195,0.000222705,0.000223004,0.000226342,0.000223874,0.000223011,0.000222964,0.000224353,0.00022422,0.000223768,0.000223435,0.000224243,0.000224403,0.000224368,0.000223191
0.000220562,0.000221102,0.000221211,0.00022213,0.000224458,0.000223742,0.000221155,0.000222273,0.000224029,0.000223487,0.000222676,0.000223406,0.000224508,0.000222445,0.000222554,0.000224113,0.000224332,0.000222615,0.000222539,0.000223443,0.00022317,0.00022258,0.000223946,0.000225036,0.000224856,0.000223281,0.00022362,0.000226876,0.0002245,0.000223589,0.000223563,0.00022484,0.000224837,0.000224256,0.000224081,0.000224786,0.000225087,0.000224987,0.000223908
0.000221336,0.000221865,0.000221755,0.000222718,0.000225064,0.000224436,0.000221733,0.000222853,0.00022463,0.000224137,0.000223128,0.000223975,0.000225149,0.000223034,0.000223173,0.000224711,0.000224896,0.000223199,0.000223195,0.000223976,0.000223845,0.000223151,0.00022464,0.000225616,0.000225378,0.000223765,0.000224165,0.000227381,0.000225084,0.000224191,0.000224267,0.00022548,0.000225459,0.000224902,0.000224677,0.000225458,0.000225699,0.000225646,0.000224464
0.000222056,0.00022246,0.000222356,0.000223403,0.00022576,0.000225062,0.00022245,0.000223415,0.000225218,0.000224668,0.00022374,0.000224588,0.000225766,0.000223613,0.00022371,0.000225369,0.000225504,0.000223879,0.000223804,0.000224523,0.000224405,0.000223711,0.000225235,0.000226256,0.000226038,0.000224322,0.000224865,0.000227091,0.000225757,0.000224744,0.000224919,0.000226116,0.000226121,0.000225524,0.000225306,0.000226011,0.000226237,0.000226209,0.000225043
0.000222564,0.000223011,0.000223024,0.000224036,0.000226251,0.000225801,0.000222941,0.000224027,0.000225883,0.000225247,0.000224333,0.00022522,0.000226511,0.0002242,0.000224358,0.000225989,0.000226001,0.000224496,0.000224356,0.000225126,0.000224941,0.000224356,0.000225782,0.00022682,0.000226684,0.000224908,0.000225397,0.000227678,0.000226392,0.000225442,0.000225527,0.00022665,0.000226688,0.000225979,0.000225828,0.000226703,0.000226804,0.000226768,0.000225648
0.000223331,0.000223735,0.000223646,0.000224726,0.000227035,0.000226391,0.000223572,0.000224652,0.000226437,0.00022595,0.000224973,0.0002259,0.000227139,0.000224758,0.000224903,0.000226641,0.000226709,0.000225025,0.000224937,0.000225735,0.000225551,0.000224928,0.000226503,0.000227492,0.000227272,0.000225431,0.000225988,0.000228224,0.000226988,0.000225984,0.000226059,0.000227308,0.000227223,0.000226715,0.000226408,0.000227275,0.000227434,0.000227375,0.000226157
0.000224135,0.000224278,0.000224351,0.000225361,0.000227597,0.000226948,0.000224205,0.000225262,0.000227138,0.000226503,0.000225634,0.00022651,0.000227707,0.000225367,0.000225542,0.000227253,0.000227306,0.000225646,0.000225489,0.000226312,0.000226134,0.000225506,0.000227026,0.000228129,0.000227874,0.000225983,0.000226564,0.000228995,0.000227562,0.000226602,0.00022669,0.000227906,0.00022781,0.000227297,0.000227031,0.00022786,0.000228123,0.000227963,0.000226817
0.000224827,0.000224831,0.000224985,0.000225944,0.00022829,0.000227635,0.00022486,0.000225913,0.000227703,0.000227117,0.00022615,0.000227115,0.000228332,0.000225955,0.000226066,0.000227943,0.000227853,0.000226193,0.000226159,0.00022696,0.000226709,0.000226106,0.000227598,0.000228834,0.000228473,0.000226626,0.000227202,0.000229606,0.000228277,0.00022722,0.000227263,0.000228527,0.000228522,0.000228012,0.000227647,0.000228432,0.000228786,0.000228579,0.000227538
0.000225459,0.000225402,0.000225568,0.000226564,0.00022887,0.000228426,0.000225458,0.000226472,0.000228271,0.000227735,0.000226806,0.0002277,0.000228986,0.000226554,0.000226781,0.000228449,0.000228586,0.000226781,0.00022675,0.000227527,0.000227318,0.000226738,0.000228212,0.000229417,0.000229127,0.000227231,0.000227812,0.000230304,0.000228774,0.000227803,0.000227877,0.000229227,0.000229094,0.000228557,0.000228246,0.000229021,0.000229337,0.00022917,0.000228122
0.000225984,0.000226121,0.000226121,0.000227186,0.000229486,0.000229065,0.000226128,0.000227118,0.000228886,0.000228441,0.000227445,0.000228401,0.000229556,0.000227191,0.000227399,0.000229071,0.000229206,0.000227443,0.000227411,0.000228084,0.000227905,0.000227381,0.00022887,0.000230041,0.000229776,0.000227823,0.000228316,0.000230903,0.000229423,0.000228304,0.00022844,0.000229779,0.000229792,0.00022927,0.00022894,0.000229607,0.000229953,0.000229745,0.000228851
0.000226836,0.000226758,0.000226725,0.000227811,0.000230076,0.000229626,0.000226688,0.000227802,0.000229537,0.000229068,0.00022807,0.000228964,0.000230253,0.000227853,0.000227941,0.000229742,0.000229846,0.000228057,0.000228047,0.000228749,0.000228522,0.000227923,0.000229459,0.000230767,0.000230424,0.000228402,0.000229016,0.000231585,0.000229947,0.000229071,0.000229127,0.000230444,0.00023036,0.000229958,0.000229483,0.000230201,0.000230562,0.000230372,0.000229456
0.000227444,0.000227426,0.000227271,0.000228473,0.000230898,0.000230248,0.000227282,0.000228376,0.000230239,0.0002296,0.000228716,0.000229686,0.000230934,0.000228373,0.000228534,0.000230362,0.000230448,0.000228667,0.000228644,0.000229337,0.000229246,0.000228474,0.00023012,0.000231361,0.000231024,0.000229036,0.000229588,0.000232194,0.00023066,0.000229582,0.000229741,0.000231089,0.000231021,0.000230509,0.000230063,0.000230807,0.000231261,0.000231065,0.000230007
0.000228074,0.000227941,0.000228008,0.000229107,0.000231534,0.00023091,0.000228035,0.00022902,0.00023084,0.000230252,0.000229314,0.000230274,0.000231548,0.000229049,0.000229152,0.000230974,0.000231173,0.000229245,0.000229232,0.000229975,0.000229803,0.000229228,0.000230734,0.000232011,0.000231739,0.000229524,0.000230297,0.000232845,0.000231281,0.000230154,0.000230369,0.000231806,0.000231682,0.00023108,0.000230599,0.000231421,0.000231779,0.000231596,0.000230549
0.000228582,0.000228698,0.000228545,0.000229777,0.000232195,0.000231632,0.000228619,0.000229555,0.000231548,0.000230922,0.000230038,0.000230958,0.000232187,0.00022961,0.000229717,0.000231528,0.000231814,0.000229852,0.000229923,0.000230616,0.000230483,0.000229788,0.000231378,0.000232643,0.000232333,0.000230131,0.000230976,0.000233522,0.000231966,0.000230868,0.000231009,0.000232445,0.000232273,0.000231769,0.000231233,0.000232052,0.000232454,0.000232244,0.000231203
0.00022917,0.00022931,0.000229193,0.000230565,0.000233019,0.000232276,0.000229305,0.000230258,0.000232128,0.00023164,0.000230652,0.000231648,0.000232822,0.00023021,0.000230286,0.000232189,0.000232427,0.000230515,0.00023052,0.000231154,0.000231084,0.000230426,0.000232043,0.000233395,0.000233,0.000230692,0.000231586,0.000234194,0.000232507,0.000231522,0.000231543,0.000232971,0.00023292,0.00023236,0.000231959,0.000232715,0.000233221,0.000232926,0.000231915
0.000229865,0.000229926,0.000229782,0.000231126,0.000233619,0.000232919,0.00022995,0.000230956,0.000232828,0.000232287,0.000231277,0.000232202,0.000233528,0.000230892,0.000231033,0.000232811,0.000233104,0.000231208,0.000231177,0.000231866,0.000231771,0.000231101,0.000232774,0.000234019,0.000233704,0.000231332,0.000232186,0.000234903,0.000233232,0.000232158,0.000232154,0.000233743,0.000233646,0.000233011,0.000232612,0.000233313,0.000233797,0.000233497,0.000232515
0.000230525,0.00023053,0.000230489,0.000231741,0.000234324,0.000233648,0.000230562,0.0002316,0.000233579,0.000232924,0.000231956,0.000232964,0.000234231,0.0002316,0.000231712,0.000233564,0.000233877,0.00023178,0.000231752,0.000232619,0.000232429,0.000231751,0.00023356,0.000234713,0.000234314,0.000232008,0.000232891,0.000235584,0.000233875,0.000232747,0.000232769,0.000234365,0.000234269,0.000233696,0.000233243,0.000234029,0.000234526,0.000234197,0.000233115
0.000231086,0.000231319,0.000231114,0.000232347,0.000234878,0.000234316,0.000231125,0.00023231,0.000234256,0.000233649,0.000232602,0.000233635,0.000234994,0.000232158,0.000232399,0.00023429,0.000234559,0.000232523,0.000232391,0.000233101,0.000233026,0.000232385,0.000234183,0.000235353,0.000234955,0.000232489,0.000233519,0.000236259,0.000234555,0.000233422,0.000233447,0.000235048,0.000234882,0.000234341,0.000233784,0.000234745,0.000235088,0.000234866,0.000233776
0.000231667,0.000231937,0.00023179,0.000233189,0.000235591,0.000234886,0.000231765,0.000232951,0.000234838,0.000234364,0.000233219,0.000234308,0.000235497,0.000232791,0.000232969,0.000234889,0.000235209,0.000233066,0.000233046,0.000233696,0.000233742,0.000232998,0.000234775,0.000236023,0.000235684,0.00023314,0.000234274,0.000237023,0.000235272,0.000234011,0.000234107,0.000235723,0.000235575,0.000234948,0.000234475,0.000235348,0.000235808,0.000235475,0.000234427
0.000232344,0.000232621,0.000232339,0.000233856,0.000236377,0.000235602,0.000232427,0.000233612,0.000235606,0.000234982,0.000233908,0.000235029,0.000236233,0.000233531,0.000233612,0.000235609,0.000235895,0.000233776,0.000233671,0.000234425,0.000234451,0.000233672,0.000235484,0.000236683,0.000236391,0.0002337,0.00023492,0.000237613,0.00023594,0.000234673,0.000234699,0.00023635,0.000236217,0.000235554,0.000235052,0.000236119,0.000236491,0.000236241,0.000234994
0.000232843,0.000233386,0.000233108,0.000234552,0.000237172,0.000236261,0.000233034,0.000234301,0.000236408,0.000235583,0.0002345,0.00023571,0.000236865,0.000234211,0.000234327,0.000236203,0.000236485,0.000234593,0.00023434,0.000235109,0.00023506,0.000234352,0.000236084,0.000237429,0.000237035,0.000234276,0.000235566,0.000238324,0.000236648,0.000235374,0.000235384,0.000237021,0.000237032,0.000236219,0.00023562,0.000236649,0.000237144,0.000236912,0.00023566
0.000233481,0.000234025,0.000233884,0.000235164,0.000237825,0.000237033,0.000233715,0.000234979,0.000237033,0.000236439,0.000235198,0.000236421,0.000237571,0.000234841,0.000234959,0.000237046,0.000237246,0.00023512,0.000235086,0.000235783,0.000235784,0.000235035,0.000236889,0.000238118,0.000237658,0.000235022,0.000236351,0.000238982,0.000237151,0.000236132,0.000236023,0.000237739,0.000237697,0.000236993,0.000236353,0.000237296,0.000237863,0.000237544,0.000236401
0.000234214,0.000234668,0.000234575,0.00023592,0.000238558,0.000237738,0.000234469,0.000235776,0.000237766,0.000237128,0.000236011,0.00023715,0.000238246,0.000235491,0.000235645,0.000237677,0.000238004,0.0002359,0.000235748,0.000236523,0.00023655,0.000235701,0.000237541,0.000238854,0.000238441,0.000235576,0.00023692,0.000239832,0.000237876,0.000236724,0.000236693,0.00023847,0.000238436,0.000237564,0.000236978,0.000238048,0.000238513,0.000238264,0.000237024
0.000234856,0.000235245,0.000235214,0.000236666,0.000239253,0.000238458,0.000235064,0.000236356,0.000238551,0.000237773,0.000236568,0.000237746,0.000239065,0.000236141,0.000236286,0.000238398,0.000238683,0.000236511,0.000236395,0.000237154,0.000237156,0.000236342,0.000238283,0.000239573,0.000239092,0.000236224,0.000237632,0.000240545,0.000238527,0.000237395,0.000237422,0.000239184,0.000239105,0.000238236,0.000237709,0.000238777,0.000239142,0.000238942,0.000237737
0.000235546,0.000236048,0.000235894,0.00023742,0.00024,0.000239167,0.000235835,0.000236991,0.000239205,0.000238422,0.00023728,0.000238406,0.000239801,0.000236876,0.000236984,0.000239,0.000239414,0.000237271,0.000236993,0.000237895,0.000237823,0.000237053,0.00023892,0.000240236,0.000239765,0.000236976,0.000238295,0.000241218,0.000239225,0.000237997,0.000238064,0.000239826,0.000239817,0.000238935,0.000238352,0.000239417,0.000239936,0.000239648,0.000238425
0.000236132,0.000236743,0.000236553,0.000238113,0.000240839,0.00023992,0.000236542,0.000237655,0.000239844,0.000239174,0.000237896,0.000239128,0.000240616,0.000237539,0.000237667,0.000239778,0.000240159,0.000237946,0.00023768,0.000238618,0.000238564,0.000237789,0.000239767,0.000241008,0.000240538,0.000237566,0.000238984,0.00024207,0.000239938,0.000238694,0.000238744,0.000240609,0.000240441,0.000239624,0.000239075,0.000240112,0.000240609,0.000240294,0.000239089
0.000236802,0.000237502,0.000237303,0.000238761,0.000241524,0.00024066,0.000237106,0.000238485,0.000240717,0.000239774,0.000238523,0.000239921,0.000241285,0.000238289,0.000238324,0.000240519,0.000240902,0.000238628,0.000238339,0.000239287,0.000239304,0.000238448,0.000240441,0.000241626,0.000241236,0.000238251,0.000239595,0.000242674,0.000240575,0.000239319,0.000239413,0.00024127,0.000241154,0.000240196,0.000239787,0.000240819,0.000241363,0.000241059,0.000239768
0.000237567,0.000238168,0.000238089,0.000239463,0.000242217,0.000241447,0.000237819,0.000239192,0.000241374,0.000240541,0.00023926,0.000240638,0.00024205,0.0002389,0.000238948,0.000241374,0.000241674,0.000239381,0.000238984,0.000239984,0.000240064,0.000239048,0.000241113,0.000242314,0.000241979,0.000239036,0.000240364,0.000243442,0.00024131,0.000240057,0.000240099,0.000242007,0.000241854,0.000240973,0.000240369,0.000241474,0.000242034,0.0002417,0.00024055
0.000238223,0.000238823,0.000238695,0.000240259,0.000243041,0.000242169,0.00023852,0.000239924,0.00024211,0.000241314,0.000239975,0.000241393,0.00024275,0.000239599,0.000239635,0.000241999,0.000242352,0.000240058,0.000239646,0.000240669,0.000240782,0.000239793,0.000241818,0.000243038,0.000242755,0.000239824,0.000241105,0.00024412,0.000242006,0.000240798,0.000240847,0.00024281,0.000242635,0.000241555,0.000241212,0.000242229,0.000242793,0.000242468,0.000241259
0.000238851,0.000239557,0.000239455,0.000240837,0.000243806,0.000242928,0.000239157,0.000240591,0.000242945,0.000242089,0.000240616,0.000242034,0.000243553,0.000240228,0.000240408,0.000242735,0.000243181,0.000240753,0.000240389,0.00024133,0.00024149,0.000240515,0.000242585,0.000243866,0.000243457,0.000240383,0.000241731,0.000244966,0.000242814,0.00024161,0.000241454,0.000243519,0.000243297,0.000242309,0.00024181,0.000242941,0.000243478,0.000243211,0.000241849
0.000239633,0.000240318,0.000240174,0.000241609,0.000244529,0.000243671,0.00023998,0.000241298,0.000243768,0.000242712,0.000241398,0.00024276,0.00024435,0.000240967,0.000241084,0.000243473,0.000243878,0.000241359,0.000241022,0.000242081,0.000242258,0.000241127,0.000243292,0.000244635,0.000244189,0.000241129,0.000242512,0.000245722,0.000243537,0.000242231,0.000242247,0.000244275,0.000243956,0.000243033,0.000242571,0.000243598,0.000244201,0.000243891,0.0002426
0.000240385,0.000240998,0.000240829,0.000242308,0.000245365,0.000244357,0.000240629,0.000242141,0.000244505,0.0002435,0.000242146,0.000243404,0.000245042,0.000241631,0.000241771,0.000244205,0.000244656,0.000242148,0.000241722,0.000242823,0.000242876,0.000241932,0.000244067,0.000245383,0.000244976,0.000241806,0.000243135,0.000246529,0.000244249,0.000243006,0.000242921,0.00024497,0.000244785,0.000243732,0.000243304,0.000244376,0.00024495,0.000244643,0.000243292
0.000241141,0.00024192,0.000241683,0.000243064,0.000246228,0.000245202,0.000241416,0.00024286,0.000245268,0.000244318,0.000242881,0.000244204,0.000245786,0.000242489,0.000242576,0.000245042,0.000245393,0.000242879,0.000242542,0.000243571,0.000243609,0.000242642,0.000244829,0.000246126,0.000245759,0.000242498,0.000243918,0.00024733,0.000245037,0.000243693,0.000243641,0.000245774,0.000245446,0.000244607,0.000243957,0.000245095,0.000245668,0.000245357,0.000244026
0.000241991,0.000242738,0.000242391,0.000243841,,0.000245898,0.000242101,0.000243531,0.000246074,0.000245082,0.000243541,0.000244897,0.000246641,0.000243057,0.000243303,0.000245684,0.000246151,0.000243527,0.000243161,0.000244357,0.000244272,0.000243327,0.000245525,0.000246873,0.000246475,0.000243251,0.000244693,,0.000245783,0.000244406,0.000244354,0.000246394,0.000246145,0.000245282,0.000244699,0.000245862,0.000246453,0.000246128,0.000244854
0.000242806,0.000243425,0.000243016,0.000244656,,,0.000242705,0.000244446,,0.000245915,0.000244293,0.000245651,,0.000243792,0.000244114,0.000246475,,0.000244393,0.000243977,0.00024514,0.000245128,0.000243985,0.000246304,,0.00024726,0.000243865,0.000245473,,0.000246521,0.000245144,0.000245159,0.000247246,0.000246927,0.000246062,0.000245384,0.000246537,0.000247209,0.000246924,0.000245527
0.000243508,0.000244195,0.000243854,0.000245543,,,0.000243477,0.000245099,,0.000246783,0.000245002,0.000246456,,0.000244578,0.00024483,,,0.000245177,0.000244809,0.000245877,0.00024597,0.000244877,0.000247227,,,0.000244696,0.000246231,,0.000247304,0.000245875,0.000245861,0.000247945,0.000247727,0.000246669,0.000246172,0.000247336,0.000247947,0.000247724,0.000246261
0.000244415,0.000245045,0.00024456,0.000246297,,,0.000244217,0.00024594,,,0.000245802,,,0.000245387,0.000245606,,,0.000245876,0.000245476,0.000246621,0.000246774,0.000245583,,,,0.000245502,0.000246961,,,0.000246532,0.000246582,,,0.000247539,0.000246951,0.000248148,,,0.000247109
0.000245133,0.0002458,0.000245321,,,,0.000245032,0.000246772,,,0.000246603,,,0.00024614,0.000246397,,,0.000246671,0.000246231,,,0.000246435,,,,0.000246159,0.000247733,,,0.000247379,0.000247374,,,0.000248225,0.000247663,,,,0.000247764
,,0.00024614,,,,0.000245806,,,,,,,,,,,,,,,0.000247069,,,,0.000246927,,,,,0.000248103,,,,0.000248488,,,,0.000248507
,,,,,,,,,,,,,,,,,,,,,,,,,0.00024768,,,,,,,,,,,,,
